-- phpMyAdmin SQL Dump
-- version 5.2.1
-- https://www.phpmyadmin.net/
--
-- Máy chủ: db
-- Thời gian đã tạo: Th2 16, 2024 lúc 02:36 PM
-- Phiên bản máy phục vụ: 5.7.44
-- Phiên bản PHP: 8.2.8

SET SQL_MODE = "NO_AUTO_VALUE_ON_ZERO";
START TRANSACTION;
SET time_zone = "+00:00";


/*!40101 SET @OLD_CHARACTER_SET_CLIENT=@@CHARACTER_SET_CLIENT */;
/*!40101 SET @OLD_CHARACTER_SET_RESULTS=@@CHARACTER_SET_RESULTS */;
/*!40101 SET @OLD_COLLATION_CONNECTION=@@COLLATION_CONNECTION */;
/*!40101 SET NAMES utf8mb4 */;

--
-- Cơ sở dữ liệu: `web_xekhach`
--

-- --------------------------------------------------------

--
-- Cấu trúc bảng cho bảng `articles`
--

CREATE TABLE `articles` (
  `id` int(11) NOT NULL,
  `title` varchar(255) COLLATE utf8mb4_unicode_ci NOT NULL,
  `slug` varchar(255) COLLATE utf8mb4_unicode_ci NOT NULL,
  `image` varchar(255) COLLATE utf8mb4_unicode_ci DEFAULT NULL,
  `summary` text COLLATE utf8mb4_unicode_ci,
  `description` text COLLATE utf8mb4_unicode_ci,
  `type` int(11) DEFAULT NULL,
  `position` int(11) DEFAULT NULL,
  `status` int(11) DEFAULT NULL,
  `url` varchar(255) COLLATE utf8mb4_unicode_ci DEFAULT NULL,
  `is_active` int(11) DEFAULT NULL,
  `user_id` int(11) DEFAULT NULL,
  `meta_title` varchar(255) COLLATE utf8mb4_unicode_ci DEFAULT NULL,
  `meta_description` varchar(255) COLLATE utf8mb4_unicode_ci DEFAULT NULL,
  `created_at` timestamp NULL DEFAULT NULL,
  `updated_at` timestamp NULL DEFAULT NULL
) ENGINE=InnoDB DEFAULT CHARSET=utf8mb4 COLLATE=utf8mb4_unicode_ci;

--
-- Đang đổ dữ liệu cho bảng `articles`
--

INSERT INTO `articles` (`id`, `title`, `slug`, `image`, `summary`, `description`, `type`, `position`, `status`, `url`, `is_active`, `user_id`, `meta_title`, `meta_description`, `created_at`, `updated_at`) VALUES
(14, 'Sắp ra mắt ứng dụng chung phòng chống dịch bệnh có tên PC-COVID, thay thế tất cả phần mềm hiện nay, xem có gì mới không nào!', 'sap-ra-mat-ung-dung-chung-phong-chong-dich-benh-co-ten-pc-covid-thay-the-tat-ca-phan-mem-hien-nay-xem-co-gi-moi-khong-nao', 'uploads/article/1632907182_pccovid-3_1280x720-800-resize.png', '<h2>Ứng dụng c&ocirc;ng nghệ v&agrave;o việc ph&ograve;ng chống Covid-19 l&agrave; rất quan trọng v&agrave; mang lại hiệu quả cao, tuy nhi&ecirc;n t&igrave;nh trạng chung hiện nay l&agrave; c&oacute; qu&aacute; nhiều app khiến người d&acirc;n bối rối trong việc tải v&agrave; sử dụng. Th&ocirc;ng tin mới đ&acirc;y cho biết Ch&iacute;nh phủ sắp ra mắt 1 ứng dụng chung ph&ograve;ng chống Covid-19, thay thế tất cả c&aacute;c phần mềm hiện nay.</h2>', '<p>Theo th&ocirc;ng tin từ Bộ TT&amp;TT, thực hiện chỉ đạo của Ch&iacute;nh phủ, Bộ đ&atilde; chỉ đạo&nbsp;Trung t&acirc;m C&ocirc;ng nghệ ph&ograve;ng chống&nbsp;dịch&nbsp;COVID-19&nbsp;khẩn trương phối&nbsp;hợp Bộ Y tế, Bộ C&ocirc;ng an, c&aacute;c doanh nghiệp c&ocirc;ng nghệ v&agrave; những đơn vị li&ecirc;n quan để x&acirc;y dựng ứng dụng PC COVID.</p>\r\n\r\n<p><img alt=\"Sắp ra mắt ứng dụng chung phòng chống dịch bệnh có tên PC-COVID\" src=\"https://cdn.tgdd.vn/Files/2021/09/29/1386512/pccovid_1280x673-800-resize.jpg\" /></p>\r\n\r\n<p>Hiện ứng dụng n&agrave;y đ&atilde; ho&agrave;n thiện về mặt kỹ thuật v&agrave; đ&atilde; gửi l&ecirc;n hệ thống của Apple Store v&agrave; Google Play để chờ x&eacute;t duyệt. Khi được hai chợ ứng dụng n&agrave;y đưa l&ecirc;n, người d&ugrave;ng c&oacute; thể tải về sử dụng.</p>\r\n\r\n<p>C&aacute;c t&iacute;nh năng ch&iacute;nh của ứng dụng PC-COVID sẽ gồm: Cấp, quản l&yacute; m&atilde; QR c&aacute; nh&acirc;n v&agrave; địa điểm, Qu&eacute;t m&atilde; QR, Khai b&aacute;o y tế, Khai b&aacute;o di chuyển nội địa, Phản &aacute;nh của người d&acirc;n, Th&ocirc;ng tin vaccine, th&ocirc;ng tin x&eacute;t nghiệm, Thẻ COVID-19, Truy vết tiếp x&uacute;c gần, Bản đồ nguy cơ.</p>\r\n\r\n<p><img alt=\"Sắp ra mắt ứng dụng chung phòng chống dịch bệnh có tên PC-COVID\" src=\"https://cdn.tgdd.vn/Files/2021/09/29/1386512/pccovid-2_1280x790-800-resize.jpg\" /></p>\r\n\r\n<p>PC COVID sẽ được li&ecirc;n th&ocirc;ng với bốn nguồn dữ liệu lớn gồm: Cơ sở dữ liệu quốc gia về d&acirc;n cư (do Bộ C&ocirc;ng an quản l&yacute;), Cơ sở dữ liệu quốc gia về bảo hiểm (do Bảo hiểm x&atilde; hội Việt Nam quản l&yacute;), Cơ sở dữ liệu quốc gia về ti&ecirc;m chủng, ph&ograve;ng ngừa COVID-19 (do Bộ Y tế quản l&yacute;) v&agrave; cơ sở dữ liệu về x&eacute;t nghiệm COVID-19. Từ đ&oacute;, thuận tiện cho việc quản l&yacute; người d&acirc;n.</p>\r\n\r\n<p>Bạn c&oacute; thể xem chi tiết th&ocirc;ng tin phần mềm&nbsp;<a href=\"https://drive.google.com/file/d/1WFvyqjkzhTJa6exTT00dA_Z74oACa9Z-/view\" target=\"_blank\">tại đ&acirc;y</a>.</p>\r\n\r\n<p>Mọi người c&oacute; gặp kh&oacute; khăn g&igrave; với c&aacute;c ứng dụng ph&ograve;ng, chống Covid-19 hiện tại kh&ocirc;ng?</p>\r\n\r\n<p>Nguồn:&nbsp;<a href=\"https://plo.vn/ban-doc/sap-ra-mat-ung-dung-khai-bao-moi-pc-covid-1018480.html\" target=\"_blank\">PLO</a>,&nbsp;<a href=\"http://www.baoyenbai.com.vn/265/218425/PCCOVID__phan_mem_thong_nhat_dung_chung_cho_nhan_dan_tr111ng_phong_chong_dich_Covid19.aspx\" target=\"_blank\">B&aacute;o Y&ecirc;n B&aacute;i</a>,&nbsp;<a href=\"https://congnghe.tuoitre.vn/sap-ra-mat-pc-covid-app-thong-nhat-ve-phong-chong-covid-19-20210929083327333.htm\" target=\"_blank\">B&aacute;o Tuổi trẻ</a></p>', 1, 1, NULL, NULL, 1, NULL, NULL, NULL, '2021-09-29 02:19:42', '2021-09-29 02:19:42'),
(15, 'Cách xem số lô vaccine Covid-19 mà bạn đã tiêm bằng ứng dụng Sổ Sức Khỏe Điện Tử trên điện thoại', 'cach-xem-so-lo-vaccine-covid-19-ma-ban-da-tiem-bang-ung-dung-so-suc-khoe-dien-tu-tren-dien-thoai', 'uploads/article/1632907920_cach-xem-so-lo-vaccine-19_1280x720-800-resize.png', '<h2>Bạn c&oacute; thể kiểm tra th&ocirc;ng tin số l&ocirc; vaccine Covid-19 m&agrave; m&igrave;nh đ&atilde; được ti&ecirc;m bằng ứng dụng Sổ Sức Khỏe Điện Tử tr&ecirc;n&nbsp;<a href=\"https://www.thegioididong.com/dtdd\" target=\"_blank\">điện thoại</a>, bao gồm cả mũi 1 v&agrave; mũi 2. Sau đ&acirc;y sẽ l&agrave; hướng dẫn&nbsp;<a href=\"https://www.thegioididong.com/tin-tuc/cach-xem-so-lo-vaccine-1386315\" target=\"_blank\">c&aacute;ch xem số l&ocirc; vaccine</a>&nbsp;bằng ứng dụng Sổ Sức Khỏe Điện Tử tr&ecirc;n điện thoại của bạn.</h2>', '<h3><strong>C&aacute;ch xem số l&ocirc; vaccine Covid-19 tr&ecirc;n điện thoại</strong></h3>\r\n\r\n<p><strong>Bước 1</strong>. Bạn cập nhật ứng dụng Sổ Sức Khỏe Điện Tử tr&ecirc;n điện thoại l&ecirc;n phi&ecirc;n bản mới nhất.</p>\r\n\r\n<ul>\r\n	<li><a href=\"https://play.google.com/store/apps/details?id=com.mohviettel.sskdt&amp;hl=vi&amp;gl=US\" target=\"_blank\">Sổ Sức Khỏe Điện Tử d&agrave;nh cho Android</a></li>\r\n	<li><a href=\"https://apps.apple.com/vn/app/s%E1%BB%95-s%E1%BB%A9c-kh%E1%BB%8Fe-%C4%91i%E1%BB%87n-t%E1%BB%AD/id1555911794?l=vi\" target=\"_blank\">Sổ Sức Khỏe Điện Tử d&agrave;nh cho iOS</a></li>\r\n</ul>\r\n\r\n<p><img alt=\"Cách xem số lô vaccine\" src=\"https://cdn.tgdd.vn/Files/2021/09/28/1386315/cach-xem-so-lo-vaccine-1_2303x2429-800-resize.jpg\" /></p>\r\n\r\n<p><strong>Bước 2</strong>. Mở ứng dụng, tại m&agrave;n h&igrave;nh ch&iacute;nh, bạn chọn mục&nbsp;<strong>C&aacute; nh&acirc;n</strong>&nbsp;&gt;&nbsp;<strong>Chứng nhận ngừa Covid</strong>.</p>\r\n\r\n<p><img alt=\"Cách xem số lô vaccine\" src=\"https://cdn.tgdd.vn/Files/2021/09/28/1386315/cach-xem-so-lo-vaccine-2_1950x2045-800-resize.jpg\" /></p>\r\n\r\n<p><strong>Bước 3</strong>. Tại&nbsp;<strong>Chứng nhận ngừa Covid</strong>&nbsp;của bạn, nhấn v&agrave;o biểu tượng&nbsp;<strong>M&atilde; QR</strong>&nbsp;v&agrave; bạn sẽ thấy đầy đủ ng&agrave;y ti&ecirc;m, t&ecirc;n loại vaccine, số l&ocirc;, nơi ti&ecirc;m đầy đủ mũi 1 v&agrave; mũi 2 của m&igrave;nh.</p>\r\n\r\n<p><em><strong>*Lưu &yacute;</strong>: Nếu bạn chưa thấy chứng nhận ti&ecirc;m vaccine COVID-19 của m&igrave;nh, h&atilde;y tham khảo:&nbsp;<a href=\"https://www.thegioididong.com/tin-tuc/cach-sua-thong-tin-tiem-vaccine-covid-19-bi-sai-1378434\" target=\"_blank\">C&aacute;ch sửa th&ocirc;ng tin ti&ecirc;m vaccine COVID-19 bị sai, thiếu</a>&nbsp;khi đ&atilde; ti&ecirc;m vaccine n&agrave;y nh&eacute;.</em></p>\r\n\r\n<p><img alt=\"Cách xem số lô vaccine\" src=\"https://cdn.tgdd.vn/Files/2021/09/28/1386315/cach-xem-so-lo-vaccine-3_2004x2040-800-resize.jpg\" /></p>', 1, 2, NULL, NULL, 1, NULL, NULL, NULL, '2021-09-29 02:32:00', '2021-09-29 02:32:00'),
(16, 'Bật mí 4 lý do nên mua Apple Watch ở thời điểm hiện tại, màn hình sắc nét và hiệu năng xử lý mạnh mẽ có phải là những lý do chính?', 'bat-mi-4-ly-do-nen-mua-apple-watch-o-thoi-diem-hien-tai-man-hinh-sac-net-va-hieu-nang-xu-ly-manh-me-co-phai-la-nhung-ly-do-chinh', 'uploads/article/1632908505_applewatchs58_1280x720-800-resize.png', '<h2>Hệ sinh th&aacute;i của&nbsp;<a href=\"https://www.thegioididong.com/apple\" target=\"_blank\">Apple</a>&nbsp;lu&ocirc;n được người d&ugrave;ng ủng hộ v&agrave; th&iacute;ch th&uacute;, từ chiếc&nbsp;<a href=\"https://www.thegioididong.com/dtdd-apple-iphone\" target=\"_blank\">iPhone</a>&nbsp;đa dụng đến những mẫu&nbsp;<a href=\"https://www.thegioididong.com/laptop-apple-macbook\" target=\"_blank\">MacBook</a>&nbsp;mạnh mẽ. C&oacute; lẽ bạn kh&ocirc;ng c&ograve;n qu&aacute; xa lạ với những chiếc&nbsp;<a href=\"https://www.thegioididong.com/dong-ho-thong-minh-apple\" target=\"_blank\">Apple Watch</a>&nbsp;đầy tinh tế, sang trọng khiến những người d&ugrave;ng y&ecirc;u th&iacute;ch ngay từ c&aacute;i nh&igrave;n đầu ti&ecirc;n. Vậy bạn&nbsp;<a href=\"https://www.thegioididong.com/tin-tuc/co-nen-mua-apple-watch-day-la-4-ly-do-1384939\" target=\"_blank\">c&oacute; n&ecirc;n mua Apple Watch</a>&nbsp;trong thời điểm hiện tại kh&ocirc;ng?</h2>', '<h3><strong>1. Apple Watch l&agrave; thiết bị đeo tay được đầu tư chỉn chu về mặt thiết kế</strong></h3>\r\n\r\n<p>Những chiếc Apple Watch kh&ocirc;ng chỉ l&agrave; một chiếc đồng hồ th&ocirc;ng minh b&igrave;nh thường, m&agrave; n&oacute; thường được nh&igrave;n nhận với h&igrave;nh ảnh của một phụ kiện thời trang. Lu&ocirc;n được Apple đầu tư thời gian, c&ocirc;ng sức để cải tiến sự gọn nhẹ, ph&ugrave; hợp với y&ecirc;u cầu ng&agrave;y c&agrave;ng cao của người d&ugrave;ng.</p>\r\n\r\n<p><img alt=\"Bật mí 4 lý do nên mua Apple Watch ở thời điểm hiện tại, màn hình sắc nét và hiệu năng xử lý mạnh mẽ có phải là những lý do chính?\" src=\"https://cdn.tgdd.vn/Files/2021/09/23/1384939/applewatchs542_1280x720-800-resize.jpg\" /></p>\r\n\r\n<p>Tr&ecirc;n tay Apple Watch S5 với thiết kế thời trang v&agrave; sang trọng.</p>\r\n\r\n<p><a href=\"https://www.thegioididong.com/dong-ho-thong-minh-apple-watch-series-7\" target=\"_blank\">Apple Watch Series 7</a>&nbsp;l&agrave; sản phẩm mới nhất của h&atilde;ng, vẫn giữ được được những đặc điểm vốn c&oacute; của thế hệ trước. Nhưng vẫn được n&acirc;ng cấp, cải tiến rất nhiều điểm khiến người d&ugrave;ng m&ecirc; mẩn</p>\r\n\r\n<p><img alt=\"Apple Watch Series 7 được cải tiến thiết kế\" src=\"https://cdn.tgdd.vn/Files/2021/09/23/1384939/apple-watch-series-7-techtimes-1-1920x1092_1280x720-800-resize.jpg\" /></p>\r\n\r\n<p>Apple Watch Series 7 được cải tiến thiết kế. Nguồn: Techtimes.</p>\r\n\r\n<p>Một điểm m&igrave;nh rất th&iacute;ch ở Apple Watch series 7 đ&oacute; ch&iacute;nh l&agrave; một m&agrave;n h&igrave;nh rộng hơn 20% so với&nbsp;<a href=\"https://www.thegioididong.com/dong-ho-thong-minh-apple-watch-s6\" target=\"_blank\">Apple Watch series 6</a>&nbsp;trong khi hầu như kh&ocirc;ng tăng k&iacute;ch thước tổng thể của chiếc đồng hồ. Điều n&agrave;y l&agrave;m cho kh&ocirc;ng gian hiển thị sẽ trở n&ecirc;n thoải m&aacute;i hơn.</p>\r\n\r\n<p><img alt=\"smartwatch\" src=\"https://cdn.tgdd.vn/Files/2021/09/24/1385232/apple-watch-s7-ra-mat_1280x1486-800-resize.jpg\" /></p>\r\n\r\n<p>Một số điểm nổi bật tr&ecirc;n&nbsp;Watch Series 7.</p>\r\n\r\n<p>Ngo&agrave;i ra, m&agrave;n h&igrave;nh Apple Watch S7 được l&agrave;m cong ở c&aacute;c g&oacute;c v&agrave; được trang bị lớp k&iacute;nh cường lực tốt hơn thế hệ trước, với ưu điểm của n&oacute; l&agrave; chống chịu va đập tốt.</p>\r\n\r\n<p>Xem th&ecirc;m:&nbsp;<a href=\"https://www.thegioididong.com/tin-tuc/nhung-nang-cap-cua-apple-watch-series-7-1383699\" target=\"_blank\">T&igrave;m hiểu về những n&acirc;ng cấp của Apple Watch Series 7 so với Series 6</a>.</p>\r\n\r\n<p><img alt=\"Apple Watch Series 7 sẽ là phiên bản được mong chờ nhất\" src=\"https://cdn.tgdd.vn/Files/2021/09/23/1384939/photo-1-1630485236016546742940_1280x720-800-resize.jpg\" /></p>\r\n\r\n<p>Apple Watch Series 7 sẽ l&agrave; phi&ecirc;n bản được mong chờ nhất. Nguồn: Techz.</p>\r\n\r\n<p>Nếu đ&atilde; được sở hữu một chiếc Apple Watch, bạn sẽ hiểu được l&yacute; do m&igrave;nh lại n&oacute;i như thế! Bởi, nhờ c&oacute; sự đầu tư chỉn chu về mặt thiết kế của Apple, n&ecirc;n c&aacute;c mẫu đồng hồ th&ocirc;ng minh của h&atilde;ng lu&ocirc;n nhận được sự tin tưởng, đ&oacute;n ch&agrave;o nồng nhiệt.</p>\r\n\r\n<p><img alt=\"Dù là phiên bản mơi hay cũ, Apple Watch đều thể hiện khả năng đỉnh cao của mình\" src=\"https://cdn.tgdd.vn/Files/2021/09/23/1384939/apple-watch-series-7-colors_1280x720-800-resize.jpg\" /></p>\r\n\r\n<p>D&ugrave; l&agrave; phi&ecirc;n bản mới hay cũ, Apple Watch đều thể hiện khả năng đỉnh cao của m&igrave;nh. Nguồn: Macworld.</p>\r\n\r\n<p>C&oacute; thể n&oacute;i rằng, mỗi phi&ecirc;n bản d&ugrave; mới hay cũ của Apple Watch đều mang lại sự đẳng cấp tuyệt đối cho người d&ugrave;ng. Kh&ocirc;ng dừng lại ở đ&oacute;, m&agrave; n&oacute; c&ograve;n được đảm bảo chất lượng do sự tinh tế trong c&aacute;ch Apple lựa chọn v&agrave; tối ưu sản phẩm của m&igrave;nh.</p>\r\n\r\n<h3><strong>2. Apple Watch sẽ tối ưu cho một lối sống l&agrave;nh mạnh</strong></h3>\r\n\r\n<p>L&agrave; một chiếc đồng hồ th&ocirc;ng minh, dĩ nhi&ecirc;n Apple Watch vẫn l&agrave; sự lựa chọn gi&uacute;p bạn c&oacute; một cuộc sống l&agrave;nh mạnh. Thiết bị sẽ lu&ocirc;n theo d&otilde;i bạn 24/24 từ giấc ngủ cho đến những hoạt động hằng ng&agrave;y của bạn, đưa ra những chỉ số nhằm gi&uacute;p bạn cải thiện lối sống v&agrave; sức khỏe.</p>\r\n\r\n<p><img alt=\"Ảnh minh họa\" src=\"https://cdn.tgdd.vn/Files/2021/09/23/1384939/spo2-apple-watch-1-_1600x900-800-resize.jpg\" /></p>\r\n\r\n<p>Apple Watch sẽ theo d&otilde;i tốt t&igrave;nh trạng sức khỏe của bạn. Nguồn: Time Magazine.</p>\r\n\r\n<p>Kh&ocirc;ng chỉ nổi bật về mặt thiết kế b&ecirc;n ngo&agrave;i, b&ecirc;n trong thiết bị l&agrave; cả một thế số đo lường chỉ số sức khỏe của bạn một c&aacute;ch th&ocirc;ng minh.</p>\r\n\r\n<p>Nếu l&agrave; một người đang muốn kiểm so&aacute;t lượng calories ti&ecirc;u thụ, hay đơn giản l&agrave; bạn đang trong qu&aacute; tr&igrave;nh giảm c&acirc;n th&igrave; những chiếc Apple Watch sẽ l&agrave; những &#39;trợ l&yacute;&#39; tuyệt vời cho bạn.</p>\r\n\r\n<p><img alt=\"Bật mí 4 lý do nên mua Apple Watch ở thời điểm hiện tại, màn hình sắc nét và hiệu năng xử lý mạnh mẽ có phải là những lý do chính?\" src=\"https://cdn.tgdd.vn/Files/2021/09/23/1384939/applewatchs529_1280x720-800-resize.jpg\" /></p>\r\n\r\n<p>Apple Watch S7 hay những phi&ecirc;n bản kh&aacute;c đều hỗ trợ đo lượng calories ti&ecirc;u thụ, đếm số bước ch&acirc;n m&agrave; bạn đ&atilde; đi trong ng&agrave;y,... điều n&agrave;y gi&uacute;p bạn kiểm so&aacute;t v&agrave; thay đổi lối sống nhằm cải thiện sức khỏe tốt hơn.</p>\r\n\r\n<p><img alt=\"ECG trên Apple Watch hoạt động khá tốt\" src=\"https://cdn.tgdd.vn/Files/2021/09/23/1384939/ekg-apple-watch_1280x720-800-resize.jpg\" /></p>\r\n\r\n<p>ECG tr&ecirc;n Apple Watch hoạt động kh&aacute; tốt. Nguồn: Time Magazine.</p>\r\n\r\n<p>Đặc biệt, điểm kh&ocirc;ng thiếu tr&ecirc;n tất cả phi&ecirc;n bản Apple Watch đ&oacute; l&agrave; t&iacute;nh năng đo nồng độ oxy trong m&aacute;u (SpO2) v&agrave; t&iacute;nh năng đo điện t&acirc;m đồ ECG. Đ&acirc;y l&agrave; hai t&iacute;nh năng c&ograve;n rất mới v&agrave; chỉ những d&ograve;ng đồng hồ cao cấp mới được trang bị, ti&ecirc;u biểu l&agrave;&nbsp;<a href=\"https://www.thegioididong.com/dong-ho-thong-minh-apple-watch-se\" target=\"_blank\">Apple Watch SE</a>,&nbsp;<a href=\"https://www.thegioididong.com/dong-ho-thong-minh-apple-watch-s6\" target=\"_blank\">Apple Watch S6</a>&nbsp;v&agrave; Apple Watch S7.</p>\r\n\r\n<h3><strong>3. Apple Watch gi&uacute;p bạn h&igrave;nh th&agrave;nh th&oacute;i quen vận động v&agrave; tập luyện</strong></h3>\r\n\r\n<p>Apple lu&ocirc;n tạo ra những lối đi ri&ecirc;ng cho m&igrave;nh, Apple Watch cũng thế. Sản phẩm lu&ocirc;n lu&ocirc;n gợi &yacute; bạn n&ecirc;n vận động một ch&uacute;t nếu bạn ngồi qu&aacute; l&acirc;u, sẵn s&agrave;ng đưa ra những lời khuy&ecirc;n sức khỏe v&agrave; c&aacute;c b&agrave;i tập thể dục ph&ugrave; hợp với bạn.</p>\r\n\r\n<p><img alt=\"Các tính năng thể thao được tích hợp trong chiếc đồng hồ thông minh nhỏ gọn\" src=\"https://cdn.tgdd.vn/Files/2021/09/23/1384939/apple-fitness-1-1920x1080_1280x720-800-resize.jpg\" /></p>\r\n\r\n<p>C&aacute;c t&iacute;nh năng thể thao được t&iacute;ch hợp trong chiếc đồng hồ th&ocirc;ng minh nhỏ gọn. Nguồn: Apple.</p>\r\n\r\n<p>Nếu mỗi ng&agrave;y bạn nhận được một lời đề nghị tập luyện thể dục v&agrave; thực hiện một c&aacute;ch chăm chỉ th&igrave; chắc chắn kh&ocirc;ng sớm th&igrave; muộn, bạn sẽ h&igrave;nh th&agrave;nh một th&oacute;i quen tự r&egrave;n luyện sức khỏe cho bản th&acirc;n. V&igrave; thế Apple đ&atilde; kh&eacute;o l&eacute;o t&iacute;ch hợp t&iacute;nh năng n&agrave;y một c&aacute;ch hợp l&yacute; nhất nhằm gi&uacute;p bạn c&oacute; một sức khỏe tốt nhất.</p>\r\n\r\n<p><img alt=\"apple watch series 6, iphone 12 ra mắt, dịch vụ sức khoẻ của apple, thông số iphone 12, ipad air mới\" src=\"https://cdn.tgdd.vn/Files/2020/09/16/1290535/mobileheathnews_800x450.jpg\" /></p>\r\n\r\n<p>H&igrave;nh th&agrave;nh th&oacute;i quen luyện tập với Apple Watch. Nguồn ảnh: MobilHeathNews</p>\r\n\r\n<p>Đồng thời, c&aacute;c b&agrave;i luyện tập thể thao lu&ocirc;n được cập nhật, v&igrave; thế bạn sẽ kh&ocirc;ng bao giờ lo lắng chiếc Apple Watch của m&igrave;nh đang &#39;yếu thế&#39; so với c&aacute;c thiết bị mới. Một số b&agrave;i tập cơ bản bạn c&oacute; thể t&igrave;m thấy tr&ecirc;n thiết bị như chạy bộ, đạp xe, bơi lội, tập gym,...</p>\r\n\r\n<p><img alt=\"Apple Watch sở hữu nhiều tính năng luyện tập thể thao\" src=\"https://cdn.tgdd.vn/Files/2021/09/23/1384939/254-hero_1280x713-800-resize.jpg\" /></p>\r\n\r\n<p>Apple Watch sở hữu nhiều t&iacute;nh năng luyện tập thể thao.</p>\r\n\r\n<p>Một điều đặc biệt hơn, Apple cũng đ&atilde; c&ocirc;ng bố th&ecirc;m dịch vụ thể dục mới đ&oacute; l&agrave; Apple Fitness+. Dịch vụ n&agrave;y sẽ được t&iacute;ch hợp với Apple Watch v&agrave; ứng dụng Fitness tr&ecirc;n iPhone.</p>\r\n\r\n<p><img alt=\"apple watch series 6, iphone 12 ra mắt, dịch vụ sức khoẻ của apple, thông số iphone 12, ipad air mới\" src=\"https://cdn.tgdd.vn/Files/2020/09/16/1290535/9to5mac_800x467.jpg\" /></p>\r\n\r\n<p>Apple cũng đ&atilde; c&ocirc;ng bố th&ecirc;m dịch vụ thể dục mới đ&oacute; l&agrave; Apple Fitness+. Nguồn ảnh: 9to5Mac</p>\r\n\r\n<p>Apple sẽ bổ sung c&aacute;c b&agrave;i tập mới h&agrave;ng tuần v&agrave;o ứng dụng với sự hướng dẫn của nhiều huấn luyện vi&ecirc;n đẳng cấp.&nbsp;C&aacute;c b&agrave;i tập n&agrave;y sẽ c&oacute; nhạc nền ph&ugrave; hợp v&agrave; người d&ugrave;ng cũng c&oacute; thể lưu danh s&aacute;ch ph&aacute;t của m&igrave;nh v&agrave;o Apple Music.&nbsp;</p>\r\n\r\n<p>Xem th&ecirc;m:&nbsp;<a href=\"https://www.thegioididong.com/tin-tuc/apple-cong-bo-fitness--dich-vu-ren-luyen-suc-khoe-1290535\" target=\"_blank\">Apple c&ocirc;ng bố dịch vụ r&egrave;n luyện sức khoẻ Fitness+, cạnh tranh Peloton</a>.</p>\r\n\r\n<p>Quả thật Apple đ&atilde; rất tinh &yacute; khi &acirc;m thầm &#39;khuyến kh&iacute;ch&#39; bạn tập luyện thể thao hằng ng&agrave;y. Với Apple Watch bạn sẽ thường xuy&ecirc;n luyện tập thể thao v&agrave; vượt qua kỉ lục r&egrave;n luyện của ch&iacute;nh m&igrave;nh trước đ&acirc;y.</p>\r\n\r\n<h3><strong>4. Hệ sinh th&aacute;i tốt v&agrave; nhiều t&iacute;nh năng tiện dụng kh&aacute;c</strong></h3>\r\n\r\n<p>Tương tự như thiết bị đồng hồ th&ocirc;ng minh kh&aacute;c tr&ecirc;n thị trường, Apple Watch vẫn hỗ trợ kết nối với c&aacute;c thiết bị th&ocirc;ng minh kh&aacute;c. Đặc biệt, nếu đang sử dụng thiết bị kh&aacute;c của Apple như iPhone,&nbsp;<a href=\"https://www.thegioididong.com/may-tinh-bang-apple-ipad\" target=\"_blank\">iPad</a>, MacBook,... th&igrave; bạn đ&atilde; c&oacute; một hệ sinh th&aacute;i si&ecirc;u đồng bộ giữa c&aacute;c thiết bị của bạn rồi.</p>\r\n\r\n<p><img alt=\"Apple Watch dễ dàng kết nối với các thiết bị iPhone, iPad,...\" src=\"https://cdn.tgdd.vn/Files/2021/09/23/1384939/applewatchs59_1280x720-800-resize.jpg\" /></p>\r\n\r\n<p>Apple Watch dễ d&agrave;ng kết nối với c&aacute;c thiết bị iPhone, iPad,...</p>\r\n\r\n<p>Bạn c&oacute; thể dễ trao theo d&otilde;i sức khỏe, th&ocirc;ng b&aacute;o,... tr&ecirc;n c&aacute;c thiết bị th&ocirc;ng minh khi kết nối với Apple Watch. Ngược lại, bạn cũng c&oacute; thể xem th&ocirc;ng b&aacute;o, dự b&aacute;o thời tiết, điều khiển chơi nhạc,... tr&ecirc;n ch&iacute;nh đồng hồ th&ocirc;ng minh của bạn.</p>\r\n\r\n<p><img alt=\"Bật mí 4 lý do nên mua Apple Watch ở thời điểm hiện tại, màn hình sắc nét và hiệu năng xử lý mạnh mẽ có phải là những lý do chính?\" src=\"https://cdn.tgdd.vn/Files/2021/09/23/1384939/applewatchs523_1280x720-800-resize.jpg\" /></p>\r\n\r\n<p>Ngo&agrave;i ra, Apple Watch c&ograve;n sở c&ocirc; trợ l&yacute; ảo Siri tương tự tr&ecirc;n iPhone, mang đến sự tiện dụng l&ecirc;n đến mức tối đa. Hay t&iacute;nh năng Family Setup gi&uacute;p quản l&yacute; c&aacute;c thiết bị Apple Watch trong gia đ&igrave;nh, đồng thời bạn c&oacute; thể định vị được trẻ em, hay ph&aacute;t hiện người th&acirc;n bị t&eacute; ng&atilde; m&agrave; kịp thời gi&uacute;p đỡ.</p>\r\n\r\n<p><img alt=\"Dễ dàng nhận thông báo nhờ khả năng đồng bộ giữa 2 thiết bị\" src=\"https://cdn.tgdd.vn/Files/2021/09/23/1384939/applewatchs525_1280x720-800-resize.jpg\" /></p>\r\n\r\n<p>Dễ d&agrave;ng nhận th&ocirc;ng b&aacute;o nhờ khả năng đồng bộ giữa 2 thiết bị.</p>\r\n\r\n<p>L&agrave; một sản phẩm cao cấp, đương nhi&ecirc;n Apple Watch sẽ được hỗ trợ eSIM gi&uacute;p thiết bị đồng hồ th&ocirc;ng minh hoạt động một c&aacute;ch độc lập.</p>\r\n\r\n<p><img alt=\"Bật mí 4 lý do nên mua Apple Watch ở thời điểm hiện tại, màn hình sắc nét và hiệu năng xử lý mạnh mẽ có phải là những lý do chính?\" src=\"https://cdn.tgdd.vn/Files/2021/09/23/1384939/applewatchs519_1280x720-800-resize.jpg\" /></p>\r\n\r\n<p>T&iacute;nh năng chống nước tr&ecirc;n c&aacute;c mẫu Apple Watch chắc chắn phải c&oacute; rồi, đ&uacute;ng kh&ocirc;ng? M&igrave;nh rất ấn tượng với&nbsp;Apple Watch Series 7 khi được trang bị chuẩn chống bụi IP6X v&agrave; chống nước WR50.</p>\r\n\r\n<p><img alt=\"Series 7 là dòng Apple Watch bền nhất từ ​​trước đến nay\" src=\"https://cdn.tgdd.vn/Files/2021/09/18/1383699/applewatchs7_1280x720-800-resize.jpg\" /></p>\r\n\r\n<p>Sự kết hợp của c&aacute;c c&ocirc;ng nghệ tr&ecirc;n tạo ra một chiếc&nbsp;<a href=\"https://www.thegioididong.com/dong-ho-thong-minh-apple\" target=\"_blank\">Apple Watch</a>&nbsp;si&ecirc;u bền bỉ, cho ph&eacute;p bạn c&oacute; thể tha hồ đi kh&aacute;m ph&aacute;, tập luyện thể thao hay cả đi bơi với người bạn đồng h&agrave;nh Apple Watch series 7.</p>\r\n\r\n<h3><strong>Tổng kết</strong></h3>\r\n\r\n<p>Apple Watch g&acirc;y ấn tượng nhờ thiết kế chỉn chu v&agrave; t&iacute;nh năng chủ động theo d&otilde;i sức khỏe người d&ugrave;ng để ph&aacute;t hiện những bất thường d&ugrave; l&agrave; nhỏ nhất. C&oacute; thể n&oacute;i đ&acirc;y l&agrave; một sự kết hợp h&agrave;i h&ograve;a giữa phụ kiện thời trang v&agrave; &#39;trợ l&yacute; sức khỏe&#39;.&nbsp;</p>\r\n\r\n<p><img alt=\"Apple Watch\" src=\"https://cdn.tgdd.vn/Files/2021/09/23/1384939/apple-watch-6_1280x719-800-resize.jpg\" /></p>', 3, 3, NULL, NULL, 1, NULL, NULL, NULL, '2021-09-29 02:41:45', '2021-09-29 02:41:45'),
(17, 'Cách tìm phim thuyết minh trên Netflix cực dễ trong một nốt nhạc, để bạn xem phim tập trung vào nội dung hơn', 'cach-tim-phim-thuyet-minh-tren-netflix-cuc-de-trong-mot-not-nhac-de-ban-xem-phim-tap-trung-vao-noi-dung-hon', 'uploads/article/1632908939_cach-tim-phim-thuyet-minh-tren-netflix_1280x720-800-resize.png', '<h2>Rất nhiều phim tr&ecirc;n Netflix c&oacute; thuyết minh Tiếng Việt với giọng thuyết minh rất hay v&agrave; c&oacute; đầu tư. Vậy th&igrave; sau đ&acirc;y, m&igrave;nh sẽ hướng dẫn mọi người&nbsp;<a href=\"https://www.thegioididong.com/tin-tuc/cach-tim-phim-thuyet-minh-tren-netflix-1385781\" target=\"_blank\">c&aacute;ch t&igrave;m phim thuyết minh tr&ecirc;n Netflix</a>&nbsp;để xem phim bằng&nbsp;<a href=\"https://www.thegioididong.com/dtdd\" target=\"_blank\">điện thoại</a>,&nbsp;<a href=\"https://www.thegioididong.com/laptop\" target=\"_blank\">m&aacute;y t&iacute;nh</a>&nbsp;kh&ocirc;ng cần phải đọc vietsub v&agrave; tập trung v&agrave;o nội dung phim hơn nh&eacute;.</h2>', '<h3><strong>C&aacute;ch t&igrave;m phim thuyết minh tr&ecirc;n Netflix</strong></h3>\r\n\r\n<p><strong>Bước 1</strong>. Bạn tải ứng dụng Netflix phi&ecirc;n bản mới nhất về m&aacute;y của m&igrave;nh.</p>\r\n\r\n<ul>\r\n	<li><a href=\"https://play.google.com/store/apps/details?id=com.netflix.mediaclient&amp;hl=vi&amp;gl=US\" target=\"_blank\">Netflix d&agrave;nh cho Android</a></li>\r\n	<li><a href=\"https://apps.apple.com/us/app/netflix/id363590051\" target=\"_blank\">Netflix d&agrave;nh cho iOS</a></li>\r\n	<li><a href=\"https://www.microsoft.com/en-us/p/netflix/9wzdncrfj3tj\" target=\"_blank\">Netflix d&agrave;nh cho Windows</a></li>\r\n</ul>\r\n\r\n<p><img alt=\"Cách tìm phim thuyết minh trên Netflix\" src=\"https://cdn.tgdd.vn/Files/2021/09/26/1385781/cach-tim-phim-thuyet-minh-tren-netflix-2_1281x912-800-resize.jpg\" /></p>\r\n\r\n<p><strong>Bước 2</strong>. Mở Netflix, bạn chọn biểu tượng&nbsp;<strong>T&igrave;m kiếm</strong>&nbsp;tr&ecirc;n thanh c&ocirc;ng cụ.</p>\r\n\r\n<p><img alt=\"Cách tìm phim thuyết minh trên Netflix\" src=\"https://cdn.tgdd.vn/Files/2021/09/26/1385781/cach-tim-phim-thuyet-minh-tren-netflix-1-_2866x1451-800-resize.jpg\" /></p>\r\n\r\n<p><strong>Bước 3</strong>. Bạn nhập&nbsp;<strong>Audio in Vietnamese</strong>&nbsp;v&agrave;o khung&nbsp;<strong>Search</strong>. Ngay lập tức, Netflix sẽ hiển thị kết quả c&aacute;c bộ phim c&oacute; thuyết minh Tiếng Việt cho bạn.</p>\r\n\r\n<p><img alt=\"Cách tìm phim thuyết minh trên Netflix\" src=\"https://cdn.tgdd.vn/Files/2021/09/26/1385781/cach-tim-phim-thuyet-minh-tren-netflix-3-_1379x984-800-resize.jpg\" /></p>\r\n\r\n<p><strong>Bước 4</strong>. Khi xem phim, bạn chọn n&uacute;t&nbsp;<strong>Phụ đề</strong>, sau đ&oacute; chọn&nbsp;<strong>&Acirc;m thanh</strong>&nbsp;l&agrave;&nbsp;<strong>Tiếng Việt</strong>&nbsp;v&agrave;&nbsp;<strong>Phụ đề</strong>&nbsp;l&agrave;&nbsp;<strong>Tắt</strong>&nbsp;để bắt đầu tận hưởng phim thuyết minh nh&eacute;.</p>\r\n\r\n<p><img alt=\"Cách tìm phim thuyết minh trên Netflix\" src=\"https://cdn.tgdd.vn/Files/2021/09/26/1385781/cach-tim-phim-thuyet-minh-tren-netflix-4-_1889x1301-800-resize.jpg\" /></p>', 1, 4, NULL, NULL, 1, NULL, NULL, NULL, '2021-09-29 02:48:59', '2021-09-29 02:48:59'),
(18, 'PC-Covid trở thành ứng dụng thống nhất cho mục đích chống dịch', 'pc-covid-tro-thanh-ung-dung-thong-nhat-cho-muc-dich-chong-dich', 'uploads/article/1632909420_The_covid_19_pc_covid_1.png', '<h2>PC-Covid t&iacute;ch hợp nhiều t&iacute;nh năng từng xuất hiện tr&ecirc;n những ứng dụng ph&ograve;ng chống dịch trước đ&acirc;y, gi&uacute;p người d&acirc;n thuận tiện hơn khi sử dụng hoặc tra cứu th&ocirc;ng tin. Thay v&igrave; phải d&ugrave;ng từng t&iacute;nh năng của c&aacute;c ứng dụng Bluezone, VNEID, NCOVI , ch&iacute;nh phủ khuyến kh&iacute;ch n&ecirc;n d&ugrave;ng PC-Covid .</h2>', '<p>Trong thời gian tới, PC-Covid l&agrave; ứng dụng thống nhất cho mục đ&iacute;ch ph&ograve;ng, chống dịch Covid-19 của người d&acirc;n. Ứng dụng n&agrave;y t&iacute;ch hợp c&aacute;c t&iacute;nh năng từ nhiều ứng dụng ph&ograve;ng dịch trước.</p>\r\n\r\n<p>Ứng dụng PC-Covid hiện đ&atilde; ho&agrave;n thiện, đang chờ x&eacute;t duyệt để đẩy l&ecirc;n kho ứng dụng App Store v&agrave; CH Play. Người d&ugrave;ng smartphone Android hiện cũng c&oacute; thể tải app về th&ocirc;ng qua file c&agrave;i đặt APK.</p>\r\n\r\n<p><img alt=\"Ung dung PC-Covid co nhung tinh nang gi anh 1\" src=\"https://znews-photo.zadn.vn/w1920/Uploaded/yqdlcqrwq/2021_09_26/The_covid_19_pc_covid_2_zing.jpg\" /></p>\r\n\r\n<p>Thẻ Covid-19 được hiển thị trong ứng dụng PC-Covid. Ảnh:&nbsp;<em>TA</em></p>\r\n\r\n<p>- Hiển thị &quot;thẻ Covid-19&quot; t&ugrave;y theo điều kiện do Bộ Y tế quy địnhCụ thể, theo website ch&iacute;nh thức, ứng dụng PC-Covid sẽ c&oacute; c&aacute;c nh&oacute;m chức năng:</p>\r\n\r\n<p>- Khai b&aacute;o di chuyển nội địa</p>\r\n\r\n<p>- Tra cứu th&ocirc;ng tin ti&ecirc;m vaccine Covid-19, kết quả x&eacute;t nghiệm</p>\r\n\r\n<p>- Khai b&aacute;o y tế những nơi đ&atilde; đến</p>\r\n\r\n<p>- Hỗ trợ truy vết</p>\r\n\r\n<p>- Hiển thị th&ocirc;ng tin về mật độ di chuyển, bản đồ nguy cơ, xu hướng l&acirc;y nhiễm</p>\r\n\r\n<p>- Hiển thị th&ocirc;ng tin về chiến lược tổng thể ph&ograve;ng dịch</p>\r\n\r\n<p>Sau khi nhập th&ocirc;ng tin v&agrave;o ứng dụng PC-Covid, người d&ugrave;ng sẽ được cấp m&atilde; QR c&aacute; nh&acirc;n duy nhất, chứa c&aacute;c th&ocirc;ng tin cơ bản như họ t&ecirc;n, ng&agrave;y sinh, số giấy tờ t&ugrave;y th&acirc;n... Khi ra v&agrave;o cơ quan hoặc chốt kiểm dịch, người d&acirc;n tr&igrave;nh m&atilde; QR.</p>\r\n\r\n<p>C&aacute;c cơ quan, si&ecirc;u thị, bệnh viện, nơi c&ocirc;ng cộng... cũng sẽ c&oacute; m&atilde; QR để qu&eacute;t mỗi khi ra v&agrave;o địa điểm. Những vị tr&iacute; người d&ugrave;ng di chuyển đến v&agrave; thời gian sẽ được PC-Covid ghi nhận, cập nhật trong t&iacute;nh năng Nơi đ&atilde; đến.</p>\r\n\r\n<p>Th&ocirc;ng qua m&atilde; QR, c&aacute;c tổ chức c&oacute; thể truy cập dữ liệu trong trường hợp ph&aacute;t sinh ca nghi nhiễm, gi&uacute;p nhanh ch&oacute;ng x&aacute;c định nguy cơ l&acirc;y nhiễm v&agrave; khuyến c&aacute;o người d&acirc;n, chủ động xử l&yacute; v&agrave; kịp thời ngăn chặn virus l&acirc;y lan.</p>\r\n\r\n<p>PC-Covid đồng bộ dữ liệu với hệ thống quản l&yacute; ti&ecirc;m chủng, x&eacute;t nghiệm Covid-19 để người d&acirc;n tra cứu. Từ những th&ocirc;ng tin n&agrave;y, ứng dụng sẽ cấp thẻ Covid-19 cho người ti&ecirc;m đủ 2 mũi, hoặc c&oacute; kết quả x&eacute;t nghi&ecirc;m &acirc;m t&iacute;nh trong ngắn hạn. Điều kiện cấp sẽ t&ugrave;y thuộc quy định của Bộ Y tế.</p>\r\n\r\n<p>Thẻ Covid-19 c&oacute; thể sử dụng khi di chuyển, đi l&agrave;m, tham gia c&aacute;c sự kiện, qua chốt kiểm dịch... t&ugrave;y quy định từng địa phương.</p>\r\n\r\n<p><img alt=\"Ung dung PC-Covid co nhung tinh nang gi anh 2\" src=\"https://znews-photo.zadn.vn/w1920/Uploaded/yqdlcqrwq/2021_09_26/Chuc_nang_PC_Covid.jpg\" /></p>\r\n\r\n<p>C&aacute;c t&iacute;nh năng của ứng dụng PC-Covid. Ảnh: PCCovid.com.vn.<br />\r\nTrong ứng dụng PC-Covid, người d&acirc;n cũng c&oacute; thể khai b&aacute;o th&ocirc;ng tin di chuyển nội địa. Sau khi khai b&aacute;o, ứng dụng sẽ lưu th&ocirc;ng tin dưới dạng m&atilde; QR. Tại c&aacute;c điểm kiểm so&aacute;t như s&acirc;n bay, nh&agrave; ga... người d&acirc;n cần tr&igrave;nh m&atilde; QR để kiểm so&aacute;t vi&ecirc;n qu&eacute;t v&agrave; kiểm tra th&ocirc;ng tin.Ứng dụng PC-Covid cũng t&iacute;ch hợp t&iacute;nh năng khai b&aacute;o y tế, cho ph&eacute;p phản &aacute;nh c&aacute;c trường hợp nghi nhiễm, cơ sở kinh doanh kh&ocirc;ng tu&acirc;n thủ quy định ph&ograve;ng chống dịch hoặc biểu hiện ti&ecirc;u cực từ cơ quan, tổ chức ph&ograve;ng chống dịch.</p>\r\n\r\n<p>Khi xuất hiện ca nghi nhiễm, PC-Covid sẽ cung cấp c&aacute;c th&ocirc;ng tin về m&atilde; QR, khai b&aacute;o y tế, khai b&aacute;o di chuyển nội địa, ph&aacute;t hiện tiếp x&uacute;c gần, phản &aacute;nh từ người d&acirc;n... để cho ra kết quả truy vết c&aacute;c trường hợp nghi nhiễm trong thời gian nhanh nhất.</p>\r\n\r\n<p>Một số t&iacute;nh năng kh&aacute;c đang được ph&aacute;t triển, dự kiến c&oacute; mặt tr&ecirc;n PC-Covid trong thời gian tới như bản đồ nguy cơ l&acirc;y nhiễm, mật độ di chuyển của từng khu vực, chiến lược tổng thể của Ch&iacute;nh phủ trong ph&ograve;ng chống Covid-19 v&agrave; xu hướng l&acirc;y nhiễm của từng khu vực.</p>\r\n\r\n<p>Ứng dụng PC-Covid nằm trong kế hoạch triển khai ứng dụng ph&ograve;ng chống dịch Covid-19 thống nhất cho người d&acirc;n. App do Bkav, Viettel v&agrave; VNPT hợp t&aacute;c ph&aacute;t triển, Trung t&acirc;m C&ocirc;ng nghệ ph&ograve;ng, chống dịch Covid-19 Quốc gia vận h&agrave;nh. C&aacute;c cơ quan chủ tr&igrave; gồm Bộ Y tế, Bộ C&ocirc;ng an v&agrave; Bộ Th&ocirc;ng tin &amp; Truyền th&ocirc;ng.</p>', 3, 5, NULL, NULL, 1, NULL, NULL, NULL, '2021-09-29 02:56:10', '2021-09-29 03:00:21'),
(19, 'Cách cập nhật giấy đi đường QR code trên điện thoại, giúp bạn khai báo nhanh gọn khi qua các chốt kiểm dịch', 'cach-cap-nhat-giay-di-duong-qr-code-tren-dien-thoai-giup-ban-khai-bao-nhanh-gon-khi-qua-cac-chot-kiem-dich', 'uploads/article/1632909894_12-thum_1280x720-800-resize.png', '<h2>Theo th&ocirc;ng tin m&igrave;nh mới đọc được tr&ecirc;n&nbsp;<a href=\"https://rd.zapps.vn/detail/1191640289962321181?id=4057269c6ad98387dac8&amp;pageId=1191640289962321181&amp;broadcastId=09188c15aa50430e1a41\" target=\"_blank\">Zalo 1022 Đ&agrave; Nẵng</a>&nbsp;th&igrave; từ ng&agrave;y 26/09 trở đi sẽ triển khai giấy đi đường QR Code tr&ecirc;n&nbsp;<a href=\"https://www.thegioididong.com/dtdd\" target=\"_blank\">smartphone</a>&nbsp;thay thế cho giấy đi đường truyền thống. Sau đ&acirc;y, m&igrave;nh sẽ hướng dẫn&nbsp;<a href=\"https://www.thegioididong.com/tin-tuc/cach-cap-nhat-giay-di-duong-qr-code-tren-dien-thoai-1385556\" target=\"_blank\">c&aacute;ch cập nhật giấy đi đường QR code tr&ecirc;n điện thoại</a>&nbsp;cho người d&acirc;n cực đơn giản. H&atilde;y theo d&otilde;i ngay nh&eacute;.</h2>\r\n\r\n<p><em><strong>Lưu &yacute;:&nbsp;</strong>Đ&acirc;y l&agrave; hướng dẫn d&agrave;nh cho người d&acirc;n ở Đ&agrave; Nẵng. Những tỉnh th&agrave;nh kh&aacute;c sẽ được cập nhật th&ocirc;ng tin sau.</em></p>', '<h3><strong>C&aacute;ch cập nhật giấy đi đường QR code tr&ecirc;n điện thoại</strong></h3>\r\n\r\n<p>Cụ thể, với c&aacute;c giấy đi đường đ&atilde; cấp, ph&aacute;t h&agrave;nh đến hết 25-9-2021 được tiếp tục sử dụng. Hệ thống tự động cập nhật hiệu lực, c&aacute;c cơ quan, tổ chức, doanh nghiệp kh&ocirc;ng thực hiện ph&aacute;t h&agrave;nh v&agrave; in lại giấy đi đường mới m&agrave; đ&atilde; c&oacute; c&aacute;ch cập nhật tr&ecirc;n hệ thống.</p>\r\n\r\n<p><strong>Để cập nhật giấy đi đường QR code tr&ecirc;n điện thoại bạn l&agrave;m như sau:</strong></p>\r\n\r\n<p><strong>Bước 1:</strong>&nbsp;<strong>Tải ứng dụng&nbsp;E-Ticket Đ&agrave; Nẵng&nbsp;</strong>về smartphone của m&igrave;nh.</p>\r\n\r\n<ul>\r\n	<li><a href=\"https://apps.apple.com/us/app/eticket-%C4%91%C3%A0-n%E1%BA%B5ng/id1563856876\" target=\"_blank\">E-Ticket Đ&agrave; Nẵng cho IOS</a></li>\r\n	<li><a href=\"https://play.google.com/store/apps/details?id=com.astraler.checkin19&amp;hl=vi&amp;gl=US\" target=\"_blank\">E-Ticket Đ&agrave; Nẵng cho Android</a></li>\r\n</ul>\r\n\r\n<p><img alt=\"Cách cập nhật giấy đi đường QR code trên điện thoại\" src=\"https://cdn.tgdd.vn/Files/2021/09/25/1385556/ung-dung_1288x779-800-resize.jpg\" /></p>\r\n\r\n<p><strong>Bước 2:&nbsp;</strong>Mở ứng dụng&nbsp;<strong>E-Ticket Đ&agrave; Nẵng</strong>&nbsp;mới tải về l&ecirc;n &gt; Tiến h&agrave;nh&nbsp;<strong>qu&eacute;t m&atilde; QR</strong>&nbsp;để qu&eacute;t kiểm tra thời hạn mới. Sau đ&oacute; bạn h&atilde;y lưu m&atilde; QR giấy đi đường tr&ecirc;n thiết bị di động để sử dụng khi lưu th&ocirc;ng.</p>\r\n\r\n<p><img alt=\"Cách cập nhật giấy đi đường QR code trên điện thoại\" src=\"https://cdn.tgdd.vn/Files/2021/09/25/1385556/app-cai_1280x1280-800-resize.jpg\" /></p>\r\n\r\n<p>Khi đến c&aacute;c chốt kiểm tra, bạn chỉ cần mở ứng dụng v&agrave; nhấn v&agrave;o mục<strong>&nbsp;Giấy đi đường của t&ocirc;i&nbsp;</strong>để xuất tr&igrave;nh m&atilde; QR đi đường của m&igrave;nh l&agrave; xong.</p>\r\n\r\n<p><img alt=\"Cách cập nhật giấy đi đường QR code trên điện thoại\" src=\"https://cdn.tgdd.vn/Files/2021/09/25/1385556/di-duong_1280x1744-800-resize.jpg\" /></p>\r\n\r\n<p>Tr&ecirc;n đ&acirc;y l&agrave; c&aacute;ch cập nhật giấy đi đường QR code tr&ecirc;n điện thoại cực nhanh. Hy vọng b&agrave;i viết c&oacute; thể gi&uacute;p &iacute;ch được cho bạn.</p>', 1, 6, NULL, NULL, 1, NULL, 'Nguyễn Thị Như Phượng', NULL, '2021-09-29 03:04:54', '2021-09-29 03:04:54'),
(20, 'App xanh là gì? Cách để có app xanh, app vàng, app đỏ Covid-19 cực kỳ đơn giản trên điện thoại của bạn', 'app-xanh-la-gi-cach-de-co-app-xanh-app-vang-app-do-covid-19-cuc-ky-don-gian-tren-dien-thoai-cua-ban', 'uploads/article/1632910231_cach-de-co-app-xanh-app-vang-app-do-covid_1280x720-800-resize.png', '<h2>Văn ph&ograve;ng Ch&iacute;nh phủ đ&atilde; c&oacute; văn bản y&ecirc;u cầu Bộ TT-TT sớm thống nhất một app ch&iacute;nh thức phục vụ c&ocirc;ng t&aacute;c ph&ograve;ng chống dịch Covid-19 duy nhất,&nbsp;quy định r&otilde; cho người c&oacute; app xanh, app v&agrave;ng v&agrave; app đỏ. Vậy app xanh l&agrave; g&igrave;?&nbsp;<a href=\"https://www.thegioididong.com/tin-tuc/cach-de-co-app-xanh-app-vang-app-do-covid-19-1385431\" target=\"_blank\">C&aacute;ch để c&oacute; app xanh, app v&agrave;ng, app đỏ Covid-19</a>&nbsp;tr&ecirc;n&nbsp;<a href=\"https://www.thegioididong.com/dtdd\" target=\"_blank\">điện thoại</a>? Mời bạn theo d&otilde;i b&agrave;i viết nh&eacute;.</h2>', '<h3><strong>1. App xanh, app v&agrave;ng, app đỏ l&agrave; g&igrave;?</strong></h3>\r\n\r\n<p>Theo chỉ đạo của&nbsp;Thủ tướng Ch&iacute;nh phủ tại&nbsp;<a href=\"http://vpcp.chinhphu.vn/Home/Quy-dinh-ro-nguoi-co-app-xanh-duoc-di-chuyen/20219/30520.vgp\" target=\"_blank\">Th&ocirc;ng b&aacute;o số 242 ng&agrave;y 13/9/2021</a>&nbsp;của Văn ph&ograve;ng Ch&iacute;nh phủ,&nbsp;giao Bộ Th&ocirc;ng tin v&agrave; Truyền th&ocirc;ng thống nhất với Bộ C&ocirc;ng an, Bộ Y tế ph&aacute;t triển một ứng dụng ch&iacute;nh thức của Ban Chỉ đạo quốc gia ph&ograve;ng, chống dịch Covid-19, để người d&acirc;n sử dụng thuận tiện, tạm gọi l&agrave; ứng dụng ph&ograve;ng, chống COVID - PcCOVID. Trong đ&oacute;.</p>\r\n\r\n<ul>\r\n	<li>Người c&oacute; app xanh được di chuyển.</li>\r\n	<li>Người c&oacute; app v&agrave;ng hạn chế di chuyển.</li>\r\n	<li>Người c&oacute; app đỏ th&igrave; kh&ocirc;ng được di chuyển (Ở nh&agrave;).</li>\r\n</ul>\r\n\r\n<p><img alt=\"Cách để có app xanh, app vàng, app đỏ Covid-19\" src=\"https://cdn.tgdd.vn/Files/2021/09/25/1385431/cach-de-co-app-xanh-app-vang-app-do-covid-6_1280x720-800-resize.jpg\" /></p>\r\n\r\n<h3><strong>2. C&aacute;ch để c&oacute; app xanh, app v&agrave;ng, app đỏ Covid-19</strong></h3>\r\n\r\n<p><strong>*Ch&uacute; th&iacute;ch</strong>: Sổ Sức Khỏe Điện Tử l&agrave; ứng dụng của Văn ph&ograve;ng Bộ Y Tế Việt Nam. Tất cả th&ocirc;ng tin người d&acirc;n đ&atilde; khai b&aacute;o trước đ&acirc;y tr&ecirc;n c&aacute;c ứng dụng do c&aacute;c Bộ chỉ đạo x&acirc;y dựng, sẽ được tự động cập nhật chuyển sang ứng dụng ch&iacute;nh thức mới, m&agrave; kh&ocirc;ng bắt buộc bạn phải khai b&aacute;o lại từ đầu.</p>\r\n\r\n<p><strong>Bước 1</strong>. Để xem bạn c&oacute; app xanh, app v&agrave;ng hay app đỏ, bạn tải ứng dụng Sổ Sức Khỏe Điện tử về điện thoại của m&igrave;nh.</p>\r\n\r\n<ul>\r\n	<li><a href=\"https://play.google.com/store/apps/details?id=com.mohviettel.sskdt&amp;hl=vi&amp;gl=US\" target=\"_blank\">Sổ Sức Khỏe Điện Tử d&agrave;nh cho Android</a></li>\r\n	<li><a href=\"https://apps.apple.com/vn/app/s%E1%BB%95-s%E1%BB%A9c-kh%E1%BB%8Fe-%C4%91i%E1%BB%87n-t%E1%BB%AD/id1555911794?l=vi\" target=\"_blank\">Sổ Sức Khỏe Điện Tử d&agrave;nh cho iOS</a></li>\r\n</ul>\r\n\r\n<p><img alt=\"Cách để có app xanh, app vàng, app đỏ Covid-19\" src=\"https://cdn.tgdd.vn/Files/2021/09/25/1385431/cach-de-co-app-xanh-app-vang-app-do-covid-1_2213x2333-800-resize.jpg\" /></p>\r\n\r\n<p><strong>Bước 2</strong>. Bạn tiến h&agrave;nh&nbsp;<strong>Đăng nhập</strong>&nbsp;v&agrave;o ứng dụng. Nếu chưa c&oacute; t&agrave;i khoản, nhấn&nbsp;<strong>Đăng k&yacute;</strong>.</p>\r\n\r\n<p><img alt=\"Cách để có app xanh, app vàng, app đỏ Covid-19\" src=\"https://cdn.tgdd.vn/Files/2021/09/25/1385431/cach-de-co-app-xanh-app-vang-app-do-covid-2_2225x2333-800-resize.jpg\" /></p>\r\n\r\n<p><strong>Bước 3</strong>. Trong giao diện ứng dụng, bạn chọn mục&nbsp;<strong>C&aacute; nh&acirc;n</strong>&nbsp;&gt;&nbsp;<strong>Chứng nhận ngừa Covid</strong>.</p>\r\n\r\n<p><img alt=\"Cách để có app xanh, app vàng, app đỏ Covid-19\" src=\"https://cdn.tgdd.vn/Files/2021/09/25/1385431/cach-de-co-app-xanh-app-vang-app-do-covid-4_2213x2339-800-resize.jpg\" /></p>\r\n\r\n<p><strong>Bước 4</strong>. Bạn sẽ thấy Chứng nhận ti&ecirc;m chủng của m&igrave;nh k&egrave;m theo m&agrave;u sắc tương ứng l&agrave; Xanh, V&agrave;ng v&agrave; biểu tượng Đỏ nếu bạn chưa ti&ecirc;m vaccine.</p>\r\n\r\n<p><strong>*Lưu &yacute;</strong>:&nbsp;Nếu bạn đ&atilde; ti&ecirc;m vaccine COVID-19 m&agrave; ứng dụng vẫn chưa cập nhật chứng nhận ti&ecirc;m, h&atilde;y tham khảo:&nbsp;<a href=\"https://www.thegioididong.com/tin-tuc/cach-sua-thong-tin-tiem-vaccine-covid-19-bi-sai-1378434\" target=\"_blank\">C&aacute;ch sửa th&ocirc;ng tin ti&ecirc;m vaccine COVID-19 bị sai, thiếu khi đ&atilde; ti&ecirc;m vaccine</a>&nbsp;n&agrave;y nh&eacute;.</p>\r\n\r\n<p><img alt=\"Cách để có app xanh, app vàng, app đỏ Covid-19\" src=\"https://cdn.tgdd.vn/Files/2021/09/25/1385431/cach-de-co-app-xanh-app-vang-app-do-covid-5-_3486x2429-800-resize.jpg\" /></p>', 1, 7, NULL, NULL, 1, NULL, NULL, NULL, '2021-09-29 03:10:31', '2021-09-29 03:10:31'),
(21, 'Cách đăng ký mã QR địa điểm cho quán ăn của bạn bằng điện thoại, cực kỳ đơn giản và nhanh chóng', 'cach-dang-ky-ma-qr-dia-diem-cho-quan-an-cua-ban-bang-dien-thoai-cuc-ky-don-gian-va-nhanh-chong', 'uploads/article/1632910398_quet-ma_1280x721-800-resize.png', '<h2>Theo văn bản mới nhất của UBND TP.HCM y&ecirc;u cầu c&aacute;c hệ thống ph&acirc;n phối hiện đại như si&ecirc;u thị, cửa h&agrave;ng tiện lợi, c&aacute;c cửa h&agrave;ng kinh doanh... 100% phải trang bị camera v&agrave; m&atilde; QR để kh&aacute;ch h&agrave;ng đến khai b&aacute;o y tế. Gi&uacute;p quản l&yacute; th&ocirc;ng tin kh&aacute;ch mua h&agrave;ng để phục vụ ph&ograve;ng, chống dịch Covid-19 tốt nhất. Sau đ&acirc;y, m&igrave;nh sẽ hướng dẫn bạn&nbsp;<a href=\"https://www.thegioididong.com/tin-tuc/cach-dang-ky-ma-qr-dia-diem-cho-quan-an-1385237\" target=\"_blank\">c&aacute;ch đăng k&yacute; m&atilde; QR địa điểm cho qu&aacute;n ăn</a>&nbsp;bằng&nbsp;<a href=\"https://www.thegioididong.com/dtdd\" target=\"_blank\">smartphone</a>&nbsp;tại nh&agrave; si&ecirc;u đơn giản nh&eacute;.</h2>', '<h3><strong>C&aacute;ch đăng k&yacute; m&atilde; QR địa điểm cho qu&aacute;n ăn</strong></h3>\r\n\r\n<p>Th&agrave;nh phố bắt buộc c&aacute;c cơ sở kinh doanh qu&aacute;n ăn khi mở lại phải tạo điểm qu&eacute;t m&atilde; QR để quản l&yacute; th&ocirc;ng tin người ra v&agrave;o, từ đ&oacute; cung cấp cho cơ quan chức năng trong trường hợp cần thiết để truy vết dịch bệnh dễ d&agrave;ng nhất.</p>\r\n\r\n<p><strong>Để đăng k&yacute; m&atilde; QR địa điểm cho qu&aacute;n ăn bạn l&agrave;m như sau:</strong></p>\r\n\r\n<p><strong>Bước 1:</strong>&nbsp;Bạn truy cập v&agrave;o hệ thống&nbsp;<strong>Trung t&acirc;m C&ocirc;ng nghệ ph&ograve;ng chống dịch Covid-19</strong>&nbsp;quốc gia theo link ph&iacute;a dưới.</p>\r\n\r\n<ul>\r\n	<li><a href=\"https://qr.tokhaiyte.vn/dkdd\" target=\"_blank\">Trung t&acirc;m C&ocirc;ng nghệ ph&ograve;ng chống dịch Covid-19</a></li>\r\n</ul>\r\n\r\n<p><strong>Bước 2:</strong>&nbsp;Tại đ&acirc;y bạn h&atilde;y&nbsp;<strong>điền th&ocirc;ng tin cơ sở kinh doanh</strong>&nbsp;của m&igrave;nh &gt; Chọn<strong>&nbsp;Tiếp tục bước 2.</strong></p>\r\n\r\n<p><img alt=\"Cách đăng ký mã QR địa điểm cho quán ăn\" src=\"https://cdn.tgdd.vn/Files/2021/09/24/1385237/b2_1280x1280-800-resize.jpg\" /></p>\r\n\r\n<p><strong>Bước 3:</strong>&nbsp;Một m&atilde; OTP sẽ được gửi về số điện thoại của bạn &gt; h&atilde;y<strong>&nbsp;nhập m&atilde; OTP</strong>&nbsp;v&agrave;o để tiến h&agrave;nh tạo m&atilde; nh&eacute;.</p>\r\n\r\n<p><img alt=\"Cách đăng ký mã QR địa điểm cho quán ăn\" src=\"https://cdn.tgdd.vn/Files/2021/09/24/1385237/b1_1280x1280-800-resize.jpg\" /></p>\r\n\r\n<p>Sau khi đ&atilde; c&oacute; m&atilde;, bạn h&atilde;y tải m&atilde; n&agrave;y xuống v&agrave; in ra để d&aacute;n ở cửa qu&aacute;n ăn của m&igrave;nh nhằm thuận tiện cho kh&aacute;ch h&agrave;ng thực hiện khai b&aacute;o nh&eacute;.</p>\r\n\r\n<p><img alt=\"Cách đăng ký mã QR địa điểm cho quán ăn\" src=\"https://cdn.tgdd.vn/Files/2021/09/24/1385237/quet_1280x2058-800-resize.jpg\" /></p>\r\n\r\n<p>Mỗi khi c&oacute; kh&aacute;ch h&agrave;ng n&agrave;o đến địa chỉ qu&aacute;n của bạn, chỉ cần mở ứng dụng Bluezone hoặc c&aacute;c ứng dụng được cấp ph&eacute;p kh&aacute;c để khai b&aacute;o y tế. Th&ocirc;ng tin địa điểm v&agrave; kh&aacute;ch h&agrave;ng sẽ được ghi lại để phục vụ c&ocirc;ng t&aacute;c điều tra dịch tễ khi cần thiết.</p>', 3, 8, NULL, NULL, 1, NULL, NULL, NULL, '2021-09-29 03:13:18', '2021-09-29 03:13:18'),
(22, 'Cách nhắn tin đăng ký tiêm vaccine Covid-19 trên điện thoại, cực nhanh chóng và thuận tiện cho bạn', 'cach-nhan-tin-dang-ky-tiem-vaccine-covid-19-tren-dien-thoai-cuc-nhanh-chong-va-thuan-tien-cho-ban', 'uploads/article/1632910556_thum_1280x720-800-resize.png', '<h2>Hiện nay, đ&atilde; c&oacute; rất nhiều c&aacute;ch đăng k&yacute; ti&ecirc;m vaccine được triển khai đến người d&acirc;n để việc ti&ecirc;m chủng được hiệu quả nhất. Mới đ&acirc;y, Sở Th&ocirc;ng Tin - Truyền Th&ocirc;ng TP.HCM vừa c&oacute; văn bản triển khai tổng đ&agrave;i tiếp nhận tin nhắn đăng k&yacute; ti&ecirc;m vắc xin ph&ograve;ng Covid-19 đối với người d&acirc;n chưa ti&ecirc;m mũi 1 theo chỉ đạo của Chủ tịch UBND TP.HCM. Sau đ&acirc;y l&agrave;&nbsp;<a href=\"https://www.thegioididong.com/tin-tuc/cach-nhan-tin-dang-ky-tiem-vaccine-covid-19-1384457\" target=\"_blank\">c&aacute;ch nhắn tin đăng k&yacute; ti&ecirc;m vaccine Covid-19</a>&nbsp;tr&ecirc;n&nbsp;<a href=\"https://www.thegioididong.com/dtdd\" target=\"_blank\">smartphone</a>&nbsp;ngay tại nh&agrave;. H&atilde;y theo d&otilde;i b&agrave;i viết nh&eacute;.</h2>', '<h3><strong>C&aacute;ch nhắn tin đăng k&yacute; ti&ecirc;m vaccine Covid-19</strong></h3>\r\n\r\n<p>Theo Sở Th&ocirc;ng Tin - Truyền Th&ocirc;ng, từ&nbsp;<strong>10h ng&agrave;y 21-9</strong>, người từ 18 tuổi trở l&ecirc;n, chưa ti&ecirc;m mũi 1 vắc xin ph&ograve;ng Covid-19 v&agrave; đang ở tại TP.HCM c&oacute; thể gửi<strong>&nbsp;tin nhắn SMS cho tổng đ&agrave;i 8066</strong>&nbsp;để đăng k&yacute; ti&ecirc;m vaccine Covid-19.</p>\r\n\r\n<p>UBND c&aacute;c quận, huyện v&agrave; TP HCM tiếp nhận th&ocirc;ng tin đăng k&yacute; ti&ecirc;m vaccine từ hệ thống Tổng đ&agrave;i v&agrave; tổ chức ti&ecirc;m theo Kế hoạch ti&ecirc;m chủng của TP.HCM.</p>\r\n\r\n<p><img alt=\"Cách nhắn tin đăng ký tiêm vaccine Covid-19\" src=\"https://cdn.tgdd.vn/Files/2021/09/21/1384457/chich-vaccine_1280x720-800-resize.jpg\" /></p>\r\n\r\n<p><strong>Để nhắn tin đăng k&yacute; ti&ecirc;m vaccine Covid-19 bạn h&atilde;y l&agrave;m như sau:</strong></p>\r\n\r\n<p>Đầu ti&ecirc;n bạn h&atilde;y&nbsp;<strong>mở ứng dụng tin nhắn</strong>&nbsp;tr&ecirc;n điện thoại của m&igrave;nh l&ecirc;n, soạn tin nhắn theo c&uacute; ph&aacute;p:&nbsp;<strong>MUI1 HoTen NamSinh Quan/Huyen</strong>&nbsp;gửi&nbsp;<strong>8066</strong>.</p>\r\n\r\n<p><strong>V&iacute; dụ:</strong>&nbsp;Đăng k&yacute; ti&ecirc;m vaccine cho người t&ecirc;n&nbsp;<strong>Nguyễn Văn A,&nbsp;</strong>sinh năm<strong>&nbsp;2000,&nbsp;</strong>sống tại<strong>&nbsp;T&acirc;n Ph&uacute;</strong>&nbsp;m&igrave;nh sẽ nhắn tin theo c&uacute; ph&aacute;p:&nbsp;<strong>MUI1 NGUYENVANA 2000 TANPHU</strong>&nbsp;gửi&nbsp;<strong>8066</strong>.</p>\r\n\r\n<p><img alt=\"Cách nhắn tin đăng ký tiêm vaccine Covid-19\" src=\"https://cdn.tgdd.vn/Files/2021/09/21/1384457/12_1280x1280-800-resize.jpg\" /></p>\r\n\r\n<p>Danh s&aacute;ch đăng k&yacute; ti&ecirc;m vaccine sẽ được chuyển qua thư điện tử đến UBND c&aacute;c quận, huyện v&agrave; TP Thủ Đức. Tần suất gửi danh s&aacute;ch đăng k&yacute; ti&ecirc;m vắc xin l&agrave; 1 giờ/lần.&nbsp;</p>', 1, 9, NULL, NULL, 1, NULL, NULL, NULL, '2021-09-29 03:15:56', '2021-09-29 03:15:56');
INSERT INTO `articles` (`id`, `title`, `slug`, `image`, `summary`, `description`, `type`, `position`, `status`, `url`, `is_active`, `user_id`, `meta_title`, `meta_description`, `created_at`, `updated_at`) VALUES
(23, 'TỔNG HỢP CÁC MẪU ÁO BÓNG ĐÁ NAM ĐẸP CHÍNH HÃNG EGAN | CP SPORT 2023', 'tong-hop-cac-mau-ao-bong-da-nam-dep-chinh-hang-egan-cp-sport-2023', 'uploads/article/1708079325_tintuc3.png', '<h2>Nếu bạn đang t&igrave;m đồ một bộ đồ đ&aacute; b&oacute;ng&nbsp;nam chất lượng ch&iacute;nh h&atilde;ng th&igrave; Egan ch&iacute;nh l&agrave; sự lựa chọn h&agrave;ng đầu. C&ugrave;ng xem một số bộ sưu tập b&oacute;ng đ&aacute;&nbsp;của Egan&nbsp;ở dưới để chọn cho m&igrave;nh một bộ đồ&nbsp;đẹp để ra s&acirc;n nh&eacute;:</h2>', '<p>1.&nbsp;<strong>BỘ SƯU TẬP B&Oacute;NG Đ&Aacute; NAM&nbsp;FANTASY</strong></p>\r\n\r\n<p>&nbsp;</p>\r\n\r\n<p><img src=\"https://file.hstatic.net/200000247969/file/334052896_135033779487957_8400423857189901950_n_357336c8cf264ea4946ba280a34d3bbc_grande.jpg\" /></p>\r\n\r\n<p><strong><a href=\"https://cp-sport.vn/products/bo-quan-ao-bong-da-fantasy\">Xem th&ecirc;m</a></strong></p>\r\n\r\n<ul>\r\n	<li>Chất liệu&nbsp;<strong><em>vải c&aacute; sấu</em></strong>&nbsp;đem đến sự trải nghiệm tuyệt vời với sự mềm mại, độ co gi&atilde;n, thấm h&uacute;t mồ h&ocirc;i cực tốt.</li>\r\n	<li>Họa tiết trẻ trung, ph&aacute; c&aacute;ch, kết hợp phối sườn hai b&ecirc;n độc đ&aacute;o, tạo điểm nhấn đặc biệt cho bộ trang phục.</li>\r\n	<li>C&ocirc;ng nghệ in chuyển nhiệt mang lại chất lượng h&igrave;nh in cao, bền bỉ, ch&acirc;n thực, bền m&agrave;u theo thời gian.</li>\r\n	<li>Logo c&oacute; m&agrave;u sắc r&otilde; n&eacute;t, độ chi tiết cao, bền đẹp.</li>\r\n	<li>Hoạt chất kh&aacute;ng khuẩn cao đạt&nbsp;<em><strong>99,8%</strong></em>, chỉ số chống nắng ưu việt đạt&nbsp;<em><strong>UV/UPF 70+</strong></em>, bảo vệ làn da của bạn an to&agrave;n khi hoạt động ngo&agrave;i trời.</li>\r\n	<li>6 m&agrave;u nổi bật: Trắng - B&iacute;ch - V&agrave;ng - Đỏ - Biển - Cam.</li>\r\n</ul>\r\n\r\n<p>&nbsp;</p>\r\n\r\n<p><strong>2. BỘ SƯU TẬP B&Oacute;NG Đ&Aacute; NAM VICTOR</strong></p>\r\n\r\n<p>&nbsp;</p>\r\n\r\n<p><strong><img src=\"https://file.hstatic.net/200000247969/file/z4070364242308_9814b9ce5f2124108282d2073329402b_6e05baa94df746f2b119ce16c7120bba_grande.jpg\" /></strong></p>\r\n\r\n<p><strong><a href=\"https://cp-sport.vn/products/bo-quan-ao-bong-da-victor\">Xem th&ecirc;m</a></strong></p>\r\n\r\n<p>Với những cải tiến về chất lượng, BST VICTOR đ&aacute;p ứng mọi t&iacute;nh năng vượt trội v&agrave; mang đến cho bạn một trải nghiệm tuyệt vời:</p>\r\n\r\n<ul>\r\n	<li>C&ocirc;ng nghệ vải&nbsp;<strong><em>E-COOLDRY</em></strong>&nbsp;độc quyền của EGAN, được dệt từ sợi đặc biệt mang lại chất vải mềm mại dễ chịu, thấm h&uacute;t mồ h&ocirc;i cực tốt, tho&aacute;t nhiệt thật nhanh, chống nhiễm lạnh v&agrave;o cơ thể.</li>\r\n	<li>Bo dệt được sản xuất từ d&ograve;ng m&aacute;y nhập khẩu t&acirc;n tiến nhất, tạo ra chất bo co gi&atilde;n thoải m&aacute;i, gi&uacute;p bạn tự tin vận động.</li>\r\n	<li>Ch&uacute; trọng sức khỏe người d&ugrave;ng l&agrave; yếu tố h&agrave;ng đầu của h&atilde;ng thể thao Egan, trang phục Victor c&oacute; th&ecirc;m hoạt chất kh&aacute;ng khuẩn cao đạt 99,8%, chỉ số chống nắng ưu việt đạt UV/UPF 70+, bảo vệ làn da của bạn an to&agrave;n khi hoạt động ngo&agrave;i trời.</li>\r\n	<li>Điểm nhấn của BST lần n&agrave;y l&agrave; logo Egan được l&agrave;m từ chất liệu Silicon cao cấp, hiệu ứng 3D sang trọng ( l&agrave; c&ocirc;ng nghệ độc quyền tại Việt Nam).</li>\r\n	<li>VICTOR gi&uacute;p bạn dễ d&agrave;ng lựa chọn với 6 t&ocirc;ng m&agrave;u: Trắng - V&agrave;ng kem - Hồng - Đỏ - Xanh da - T&iacute;m.</li>\r\n</ul>\r\n\r\n<p>&nbsp;</p>\r\n\r\n<p><strong>3. BỘ SƯU TẬP B&Oacute;NG Đ&Aacute; NAM SPIRIT&nbsp;</strong></p>\r\n\r\n<p>&nbsp;</p>\r\n\r\n<p><strong><img src=\"https://file.hstatic.net/200000247969/file/z4070364238317_04edb1913a25455074eaeaea6c9ff3c6_5961816740d549d29aba87451e7b57f5_grande.jpg\" /></strong></p>\r\n\r\n<p><strong><a href=\"https://cp-sport.vn/products/bo-quan-ao-bong-da-egan-spirit-san-pham-tu-soi-tai-che\">Xem th&ecirc;m</a></strong></p>\r\n\r\n<p>SPIRIT l&agrave; d&ograve;ng sản phẩm cao cấp của Egan được l&agrave;m từ sợi t&aacute;i chế&nbsp;<strong><em>Recycled Polyester</em></strong>&nbsp;hướng đến xu hướng thời trang bền vững. Kh&ocirc;ng chỉ l&agrave; l&agrave; một sản phẩm th&acirc;n thiện với m&ocirc;i trường, SPIRIT c&ograve;n sở hữu nhiều đặc điểm nổi bật:</p>\r\n\r\n<ul>\r\n	<li>Chất liệu vải từ sợi t&aacute;i chế -&nbsp;<em><strong>Recycled Polyester</strong></em>, bền bỉ với thời gian c&ugrave;ng khả năng thấm h&uacute;t mồ h&ocirc;i tốt nhưng tho&aacute;t hơi nhanh gi&uacute;p bạn lu&ocirc;n cảm thấy nhẹ nh&agrave;ng v&agrave; thoải m&aacute;i tr&ecirc;n s&acirc;n.</li>\r\n	<li>Bo cổ v&agrave; tay &aacute;o với c&ocirc;ng nghệ dệt họa tiết độc quyền, điểm nhấn ấn tượng cho bộ đồ.</li>\r\n	<li>Quần được may đắp ch&eacute;o tinh tế l&agrave;m tăng th&ecirc;m t&iacute;nh thẩm mỹ cho BST, tiếp sức cho đ&ocirc;i ch&acirc;n kiến tạo b&agrave;n thắng.</li>\r\n	<li>Khả năng chống nắng đạt UV/UPF 70+, khả năng kh&aacute;ng khuẩn đạt 99,8% theo ti&ecirc;u chuẩn AATCC 100-2012, bảo vệ l&agrave;n da v&agrave; sức khỏe qua từng cơn nắng n&oacute;ng.</li>\r\n	<li>M&agrave;u sắc dễ mặc v&agrave; ph&ugrave; hợp với nhiều v&oacute;c d&aacute;ng: Trắng - Đỏ - Cam - Ngọc - Biển - Đen.</li>\r\n</ul>\r\n\r\n<p>&nbsp;</p>\r\n\r\n<p><strong>4. BỘ SƯU TẬP B&Oacute;NG Đ&Aacute; NAM ZENOS</strong></p>\r\n\r\n<p>&nbsp;</p>\r\n\r\n<p><img src=\"https://file.hstatic.net/200000247969/file/214450089_1901392206692450_5099314017574254049_n_8d3e46274040479293f9b8d4a0b17ffd_grande.jpg\" /></p>\r\n\r\n<p><a href=\"https://cp-sport.vn/products/quan-ao-bong-da-egan-zenos-hoa-tiet-van-noi-sang-bong-bat-mat-va-manh-me-tao-su-tu-tin-cho-nguoi-dung-bd07\">Xem th&ecirc;m</a></p>\r\n\r\n<p>ZENOS l&agrave; d&ograve;ng sản phẩm lấy cảm hứng từ sự thanh tho&aacute;t trong thiết kế, tinh tế từ sợi vải, sự khao kh&aacute;t chứng tỏ bản lĩnh tr&ecirc;n s&acirc;n cỏ v&agrave; quyết t&acirc;m gi&agrave;nh chiến thắng.</p>\r\n\r\n<ul>\r\n	<li>Chống tia UV UPF 50+</li>\r\n	<li>Bảo vệ tối đa l&agrave;n da bạn khỏi c&aacute;i nắng h&egrave; gay gắt</li>\r\n	<li>Kh&aacute;ng khuẩn đến 99.8% theo chuẩn AATCC an to&agrave;n cho l&agrave;n da của bạn.</li>\r\n	<li>Thiết kế thời trang mang phong c&aacute;ch hiện đại, tinh tế thể hiện niềm đam m&ecirc; kh&aacute;t khao vượt qua th&aacute;ch thức:</li>\r\n	<li>Họa tiết nổi bật, ph&aacute; c&aacute;ch, độc lạ gi&uacute;p bạn trở n&ecirc;n mạnh mẽ, tự tin thể hiện m&igrave;nh.</li>\r\n	<li>C&ocirc;ng nghệ &eacute;p cao tần t&ocirc;n sản phẩm vừa tinh tế vừa hiện đại khi mặc.</li>\r\n	<li>Vải lưới th&acirc;n &aacute;o sau gi&uacute;p bạn tho&aacute;ng m&aacute;t, h&uacute;t mồ h&ocirc;i trong hoạt động thể thao cường độ lớn.</li>\r\n	<li>Trang phục đa dạng với c&aacute;c gam m&agrave;u thời thượng: Đỏ - Ngọc - V&agrave;ng - Da - Trắng.</li>\r\n</ul>\r\n\r\n<p>&nbsp;</p>\r\n\r\n<p><strong>5. BỘ SƯU TẬP B&Oacute;NG Đ&Aacute;&nbsp;NAM ALPHA - TD04</strong></p>\r\n\r\n<p>&nbsp;</p>\r\n\r\n<p><img src=\"https://file.hstatic.net/200000247969/file/130301484_1197177130679730_638898245181160666_n_1247d82541f548ca9f3986d2cfb26b9e_grande.jpg\" /></p>\r\n\r\n<p><a href=\"https://cp-sport.vn/products/quan-ao-bong-da-alpha-egan-hoa-tiet-camo-thoang-mat-de-mac-phu-hop-luyen-tap-the-thao-td04\">Xem th&ecirc;m</a></p>\r\n\r\n<p>Bộ sưu tập 𝐀𝐋𝐏𝐇𝐀-𝐓𝐃𝟎𝟒 l&agrave; sự kết hợp mới mẻ giữa Egan v&agrave; cầu thủ B&ugrave;i Tiến Dũng. Ngo&agrave;i thiết kế tinh tế với chất liệu vải dệt camo độc quyền, c&ocirc;ng nghệ &eacute;p cao tần tinh tế tr&ecirc;n sườn quần, sản phẩm c&ograve;n mang lại cảm gi&aacute;c thoải m&aacute;i tối đa nhờ c&ocirc;ng nghệ E-coolmax, gi&uacute;p người mặc c&oacute; thể tự tin nhất để tỏa s&aacute;ng trong từng khoảnh khắc ri&ecirc;ng của m&igrave;nh.</p>\r\n\r\n<ul>\r\n	<li>Sản phẩm được dệt họa tiết camo độc quyền theo c&ocirc;ng nghệ&nbsp;<strong><em>E-coolmax</em></strong>, sợi vải co gi&atilde;n 4 chiều, mang lại cảm gi&aacute;c tho&aacute;ng m&aacute;t, thấm h&uacute;t mồ h&ocirc;i.</li>\r\n	<li>Chống tia UV đạt UPF 50+ theo ti&ecirc;u chuẩn AATCC 183-2016.</li>\r\n	<li>T&iacute;nh kh&aacute;ng khuẩn đạt 99% theo ti&ecirc;u chuẩn AATCC 100-2012.</li>\r\n	<li>Mực in theo ti&ecirc;u chuẩn Ch&acirc;u &Acirc;u (chứng nhận Eco Passport) an to&agrave;n cho người ti&ecirc;u d&ugrave;ng.</li>\r\n	<li>M&agrave;u sắc: Trắng phối Ngọc &ndash; Biển &ndash; Hồng - Đỏ - Chuối - V&agrave;ng</li>\r\n</ul>\r\n\r\n<p><em><strong>EGAN</strong></em>&nbsp;là thương hiệu thuộc ph&acirc;n khúc trang phục th&ecirc;̉ thao cao c&acirc;́p&nbsp;<em><strong>&ldquo;Made in Vietnam&rdquo;</strong></em>, các sản ph&acirc;̉m&nbsp;<em><strong>EGAN</strong></em>&nbsp;nhanh chóng được sự đón nhận của các khách hàng và chi&ecirc;́m nhi&ecirc;̀u thị ph&acirc;̀n trong nước vì tính năng, ch&acirc;́t lượng, m&acirc;̃u mã đẹp,&nbsp;được sử dụng ch&acirc;́t liệu vải ch&ocirc;́ng được tia UV giúp bảo vệ&nbsp;sức khỏe cho người sử dụng.</p>\r\n\r\n<p><em><strong>CP SPORT</strong></em>&nbsp;l&agrave;&nbsp;cửa h&agrave;ng sản xu&acirc;́t đ&ocirc;̀ th&ecirc;̉ thao chuy&ecirc;n nghiệp&nbsp;tại Việt Nam bao gồm đa dạng&nbsp;trang phục b&oacute;ng đ&aacute;, b&oacute;ng chuyền, đồ thể thao v&agrave; phụ kiện,...Với ch&acirc;́t lượng, uy tín và năng su&acirc;́t cao đến với&nbsp;<em><strong>CP SPORT</strong></em>, kh&aacute;ch h&agrave;ng sẽ t&igrave;m thấy những mẫu m&atilde; đa dạng v&agrave; mới nhất, ph&ugrave; hợp với nhu cầu của mỗi người. Nhắn tin ngay với<em><strong>&nbsp;<a href=\"https://www.facebook.com/CongtythethaoCPSPORT\">CP SPORT</a></strong></em>&nbsp;để mua h&agrave;ng nh&eacute;!</p>', 2, 10, NULL, NULL, 1, NULL, NULL, NULL, '2021-09-29 03:28:06', '2024-02-16 10:28:45'),
(24, 'TỔNG HỢP CÁC MẪU ÁO BÓNG ĐÁ NAM ĐẸP CHÍNH HÃNG CP | CP SPORT 2023', 'tong-hop-cac-mau-ao-bong-da-nam-dep-chinh-hang-cp-cp-sport-2023', 'uploads/article/1708079232_tintuc2.png', '<h2>Nếu bạn đang t&igrave;m đồ đ&aacute; b&oacute;ng&nbsp;nam chất lượng ch&iacute;nh h&atilde;ng th&igrave;&nbsp;<a href=\"https://www.facebook.com/CongtythethaoCPSPORT\"><strong>CP SPORT</strong></a>&nbsp;ch&iacute;nh l&agrave; sự lựa chọn h&agrave;ng đầu. Đ&aacute;p ứng một số y&ecirc;u cầu như: chất liệu cao cấp, m&agrave;u sắc đẹp, form &aacute;o&nbsp;vừa vặn v&agrave; thoải m&aacute;i cho người mặc. C&ugrave;ng xem một số bộ sưu tập b&oacute;ng đ&aacute;&nbsp;ch&iacute;nh h&atilde;ng CP uy t&iacute;n, chất lượng được liệt k&ecirc; ở dưới đ&acirc;y nh&eacute;:</h2>', '<p><strong>1. BỘ SƯU TẬP B&Oacute;NG Đ&Aacute; JUPITER&nbsp;</strong></p>\r\n\r\n<p>&nbsp;</p>\r\n\r\n<p><strong><img src=\"https://file.hstatic.net/200000247969/file/z4070363940527_2b23453df71fefec4cb69dcc6a98dd70_ba0855ed0bb5487f86965fbad8142026_grande.jpg\" /></strong></p>\r\n\r\n<p><strong><a href=\"https://cp-sport.vn/products/bo-quan-ao-bong-da-jupiter\">Xem th&ecirc;m</a></strong></p>\r\n\r\n<p>&nbsp;</p>\r\n\r\n<ul>\r\n	<li>Trang phục được l&agrave;m từ chất vải thun lạnh, tạo cảm gi&aacute;c mềm mại, vận động thoải m&aacute;i.</li>\r\n	<li>Th&acirc;n &aacute;o được &eacute;p ch&igrave;m hoa văn s&aacute;ng b&oacute;ng, vừa bắt mắt v&agrave; mạnh mẽ với c&ocirc;ng nghệ &eacute;p cao tần hiện đại.</li>\r\n	<li>Hoa văn tr&ecirc;n tay &aacute;o được thiết kế theo phong c&aacute;ch c&aacute; t&iacute;nh, trẻ trung gi&uacute;p bạn nổi bật tr&ecirc;n s&acirc;n.</li>\r\n	<li>Trang phục form d&aacute;ng chuẩn, t&ocirc;n l&ecirc;n những đường n&eacute;t khỏe mạnh của cơ thể. Thiết kế &aacute;o dạng cổ tim hiện đại với m&agrave;u sắc đồng bộ với quần.</li>\r\n	<li>Sản phẩm an to&agrave;n cho l&agrave;n da, th&acirc;n thiện cho người d&ugrave;ng khi sử dụng mực in theo ti&ecirc;u chuẩn Ch&acirc;u &Acirc;u.</li>\r\n</ul>\r\n\r\n<p>&nbsp;</p>\r\n\r\n<p><strong>2. BỘ SƯU TẬP B&Oacute;NG Đ&Aacute; ARCA</strong></p>\r\n\r\n<p>&nbsp;</p>\r\n\r\n<p><strong><img src=\"https://file.hstatic.net/200000247969/file/z4070388661232_69c48a223e058663ac777b9e6bb1c4e5_6af33650e2044e1a94edde77c929b8c1_grande.jpg\" /></strong></p>\r\n\r\n<p><strong><a href=\"https://cp-sport.vn/products/bo-quan-ao-bong-da-arca-nam-1\">Xem th&ecirc;m</a></strong></p>\r\n\r\n<p>&nbsp;</p>\r\n\r\n<ul>\r\n	<li>BST trang phục b&oacute;ng đ&aacute; ARCA được l&agrave;m từ vải m&egrave; sọc độc quyền. Đ&acirc;y l&agrave; d&ograve;ng vải thể thao chuy&ecirc;n dụng, mang lại cho bạn sự thoải m&aacute;i khi tập luyện. Với cấu tr&uacute;c dệt tho&aacute;ng kh&iacute;, tho&aacute;t nhiệt cực tốt, gi&uacute;p bạn tự tin v&agrave; tập trung trong thi đấu.</li>\r\n	<li>Form d&aacute;ng hơi &ocirc;m nhẹ, t&ocirc;n l&ecirc;n những đường n&eacute;t mạnh mẽ, khỏe khoắn khi bạn chơi thể thao.</li>\r\n	<li>Trang phục sử dụng mực in theo ti&ecirc;u chuẩn Ch&acirc;u &Acirc;u ( đạt chứng nhận Eco Passport ) gi&uacute;p cho m&agrave;u &aacute;o lu&ocirc;n bền đẹp v&agrave; an to&agrave;n cho người d&ugrave;ng.</li>\r\n	<li>Logo CP được n&acirc;ng cấp th&agrave;nh decal phản quang nhiều m&agrave;u, 6 bộ l&agrave; 6 m&agrave;u decal kh&aacute;c nhau, c&oacute; phản quang ph&aacute;t s&aacute;ng v&agrave;o ban đ&ecirc;m.</li>\r\n</ul>\r\n\r\n<p>&nbsp;</p>\r\n\r\n<p><strong>3.&nbsp;BỘ SƯU TẬP B&Oacute;NG Đ&Aacute; NITRO</strong></p>\r\n\r\n<p>&nbsp;</p>\r\n\r\n<p><strong><img src=\"https://file.hstatic.net/200000247969/file/z4070363940519_61aa09fa7427c22f72a52ba56383175f_70df4733bb924690b9fc96112f85f16c_grande.jpg\" /></strong></p>\r\n\r\n<p><strong><a href=\"https://cp-sport.vn/products/bo-quan-ao-bong-da-nitro\">Xem th&ecirc;m</a></strong></p>\r\n\r\n<p>&nbsp;</p>\r\n\r\n<ul>\r\n	<li>Chất vải: mềm mỏng, tho&aacute;ng m&aacute;t, thấm mồ h&ocirc;i tốt v&agrave; nhanh kh&ocirc;.</li>\r\n	<li>Cổ &aacute;o, lai tay, hoa văn: được phối c&aacute;c t&ocirc;ng m&agrave;u độc đ&aacute;o, ph&aacute;t huy sự mạnh mẽ từ những hoa văn tia s&eacute;t.</li>\r\n	<li>Trang phục mang phong c&aacute;ch c&aacute; t&iacute;nh, thể thao gi&uacute;p kh&aacute;ch h&agrave;ng tự tin tr&agrave;n đầy năng lượng.</li>\r\n	<li>T&iacute;nh năng chuy&ecirc;n dụng trong thể thao: chống nhăn, kh&ocirc;ng b&aacute;m d&iacute;nh gi&uacute;p cơ thể thoải m&aacute;i, dễ chịu.</li>\r\n	<li>Logo CP SPORT được n&acirc;ng cấp với c&ocirc;ng nghệ silicone mới, t&ocirc; điểm cho trang phục th&ecirc;m bắt mắt, ấn tượng.</li>\r\n</ul>\r\n\r\n<p>&nbsp;</p>\r\n\r\n<p><strong>4. BỘ SƯU TẬP B&Oacute;NG Đ&Aacute; RYDER</strong></p>\r\n\r\n<p>&nbsp;</p>\r\n\r\n<p><strong><img src=\"https://file.hstatic.net/200000247969/file/z4070363949828_cbb3c9ceb9a8621b2646de446efedca3_ffa14805efa240218a3f9a9316659a4a_grande.jpg\" /></strong></p>\r\n\r\n<p><strong><a href=\"https://cp-sport.vn/products/bo-quan-ao-the-thao-da-bong-nam-cp-sport-ryder-thiet-ke-manh-me-chat-lieu-cao-cap-thoai-mai-thoat-nhiet-nhanh-bd11\">Xem th&ecirc;m</a></strong></p>\r\n\r\n<p>&nbsp;</p>\r\n\r\n<ul>\r\n	<li>Chất liệu vải tho&aacute;ng m&aacute;t gi&uacute;p tho&aacute;t nhiệt nhanh khi chơi thể thao.</li>\r\n	<li>Khi vận động tốc độ cao trang phục sẽ kh&ocirc;ng b&aacute;m d&iacute;nh v&agrave;o người v&igrave; chất liệu được khử tĩnh điện từ trong quy tr&igrave;nh sản xuất.</li>\r\n	<li>T&iacute;nh năng chống nhăn, giặt nhanh kh&ocirc; v&agrave; gọn nhẹ tiện lợi khi đi du đấu.</li>\r\n	<li>Giặt nhanh kh&ocirc; kết hợp c&ugrave;ng t&iacute;nh năng chống nhăn tiện dụng cho c&aacute;c trận du đấu.</li>\r\n	<li>Bảo vệ an to&agrave;n cho l&agrave;n da của bạn với c&ocirc;ng nghệ in hiện đại, mực in cao cấp theo ti&ecirc;u chuẩn Ch&acirc;u &Acirc;u.</li>\r\n</ul>\r\n\r\n<p>&nbsp;</p>\r\n\r\n<p><strong>5. BỘ SƯU TẬP B&Oacute;NG Đ&Aacute; MECKA</strong></p>\r\n\r\n<p>&nbsp;</p>\r\n\r\n<p><strong><img src=\"https://file.hstatic.net/200000247969/file/277351827_1512662512464522_3091547729949062889_n_4cf4ae0fd0ca4d36bddc4d706ea742ff_grande.jpg\" /></strong></p>\r\n\r\n<p><strong><a href=\"https://cp-sport.vn/products/bo-quan-ao-the-thao-da-bong-mecka-egan-chat-vai-mem-mai-thoang-mat-phu-hop-choi-the-thao-van-dong-manh-bd08\">Xem th&ecirc;m</a></strong></p>\r\n\r\n<p>&nbsp;</p>\r\n\r\n<ul>\r\n	<li>Nổi bật c&aacute;c đường n&eacute;t tr&ecirc;n cơ thể của bạn nhờ thiết kế t&ocirc;n d&aacute;ng v&agrave; chuẩn form.</li>\r\n	<li>Sản phẩm an to&agrave;n cho l&agrave;n da, th&acirc;n thiện cho người d&ugrave;ng khi sử dụng mực in theo ti&ecirc;u chuẩn Ch&acirc;u &Acirc;u.</li>\r\n	<li>Tăng hiệu quả tập luyện, thi đấu với trang phục l&agrave;m bằng chất liệu vải si&ecirc;u nhẹ v&agrave; co gi&atilde;n tốt, dễ d&agrave;ng vận động tốc độ cao.</li>\r\n	<li>Tiết kiệm thời gian với việc giặt ủi nhờ v&agrave;o chất vải kh&ocirc;ng nhăn v&agrave; nhanh kh&ocirc;.</li>\r\n	<li>&nbsp;</li>\r\n</ul>\r\n\r\n<p><strong>6.&nbsp;BỘ SƯU TẬP B&Oacute;NG Đ&Aacute; VIDOR</strong></p>\r\n\r\n<p>&nbsp;</p>\r\n\r\n<p><strong><img src=\"https://file.hstatic.net/200000247969/file/273420387_1478704979193609_1378336563264257845_n_c7d210955f38490593a2d8e1ec51cdbe_grande.jpg\" /></strong></p>\r\n\r\n<p><strong><a href=\"https://cp-sport.vn/products/bo-quan-ao-the-thao-da-bong-nam-cp-sport-vidor-chat-lieu-thoang-mat-mau-kho-thoai-mai-van-dong-the-thao-bd10\">Xem th&ecirc;m</a></strong></p>\r\n\r\n<p>&nbsp;</p>\r\n\r\n<ul>\r\n	<li>Trang phục tạo cảm gi&aacute;c thoải m&aacute;i với chất vải mềm m&aacute;t, đặc biệt tho&aacute;t hơi 1 c&aacute;ch nhanh ch&oacute;ng v&agrave; mau kh&ocirc;, gi&uacute;p bạn tăng cường sự tập trung khi tập luyện v&agrave; thi đấu.</li>\r\n	<li>Với t&iacute;nh năng chống nhăn v&agrave; được xử l&yacute; khử tĩnh điện trong qu&aacute; tr&igrave;nh dệt vải, trang phục sẽ kh&ocirc;ng b&aacute;m v&agrave;o da khi ra nhiều mồ h&ocirc;i.</li>\r\n	<li>Điểm nhấn của bộ sưu tập l&agrave; phần họa tiết sọc vằn, uy quyền v&agrave; mạnh mẽ như một m&atilde;nh hổ, gi&uacute;p bạn tự tin tỏa s&aacute;ng mỗi khi ra s&acirc;n.</li>\r\n	<li>C&aacute;c sản phẩm lu&ocirc;n được ch&uacute; trọng về sự an to&agrave;n cho người ti&ecirc;u d&ugrave;ng v&agrave; đảm bảo độ bền m&agrave;u, được sản xuất với mực in ti&ecirc;u chuẩn Ch&acirc;u &Acirc;u.</li>\r\n</ul>\r\n\r\n<p>&nbsp;</p>\r\n\r\n<p><strong>7.&nbsp;BỘ SƯU TẬP B&Oacute;NG Đ&Aacute; RASTER</strong></p>\r\n\r\n<p>&nbsp;</p>\r\n\r\n<p><strong><img src=\"https://file.hstatic.net/200000247969/file/248699672_1410213956042712_3990776556876274138_n_3318a9de13fa4df7afa06ca8418cdaee_grande.jpg\" /></strong></p>\r\n\r\n<p><strong><a href=\"https://cp-sport.vn/products/bo-quan-ao-the-thao-da-bong-raster-mau-trang-chat-vai-mem-mai-thoang-mat-phu-hop-choi-the-thao-van-dong-manh-bd09\">Xem th&ecirc;m</a></strong></p>\r\n\r\n<p>&nbsp;</p>\r\n\r\n<ul>\r\n	<li>Tạo cảm gi&aacute;c thoải m&aacute;i dễ chịu khi vận động với chất liệu mềm mại co gi&atilde;n tốt.</li>\r\n	<li>Bạn sẽ lu&ocirc;n cảm thấy tho&aacute;ng m&aacute;t do bề mặt vải được dệt với cấu tr&uacute;c tho&aacute;t hơi cực nhanh v&agrave; được khử tĩnh điện ho&agrave;n to&agrave;n.</li>\r\n	<li>Tăng hiệu quả khi thi đấu v&agrave; tập luyện nhờ v&agrave;o trang phục si&ecirc;u nhẹ, mau kh&ocirc;, kh&ocirc;ng b&aacute;m d&iacute;nh v&agrave;o người khi ra mồ h&ocirc;i, được cải tiến từ th&agrave;nh phần sợi đặc biệt si&ecirc;u nhuyễn.</li>\r\n	<li>Gi&uacute;p bạn trở n&ecirc;n tự tin, thu h&uacute;t nhờ sự đổi mới trong phần thiết kế, cổ &aacute;o được may tinh tế tạo sự nổi bật với phong c&aacute;ch thể thao mạnh mẽ.</li>\r\n	<li>Bạn dễ d&agrave;ng chọn được trang phục m&igrave;nh y&ecirc;u th&iacute;ch với 5 m&agrave;u sắc mới nhất m&agrave; CP Sport sưu tập.</li>\r\n</ul>\r\n\r\n<p>&nbsp;</p>\r\n\r\n<p>CP SPORT l&agrave;&nbsp;cửa h&agrave;ng sản xu&acirc;́t đ&ocirc;̀ th&ecirc;̉ thao chuy&ecirc;n nghiệp&nbsp;tại Việt Nam bao gồm đa dạng&nbsp;trang phục b&oacute;ng đ&aacute;, b&oacute;ng chuyền, đồ thể thao v&agrave; phụ kiện,...Với ch&acirc;́t lượng sản phẩm v&agrave;&nbsp;uy tín đến với CP SPORT, kh&aacute;ch h&agrave;ng sẽ t&igrave;m thấy những mẫu m&atilde; đa dạng,&nbsp;mới nhất, ph&ugrave; hợp với nhu cầu của mỗi người.&nbsp;</p>', 2, 11, NULL, 'https://cp-sport.vn/blogs/news/tong-hop-cac-mau-ao-bong-da-dep-cua-cp-sport-2023', 1, NULL, NULL, NULL, '2021-09-29 03:34:54', '2024-02-16 10:27:12'),
(25, 'LỄ KÝ KẾT TÀI TRỢ TRANG PHỤC GIỮA CÔNG TY THỂ THAO CP SPORT VÀ BAN TRỌNG TÀI LIÊN ĐOÀN BÓNG ĐÁ TP HCM', 'le-ky-ket-tai-tro-trang-phuc-giua-cong-ty-the-thao-cp-sport-va-ban-trong-tai-lien-doan-bong-da-tp-hcm', 'uploads/article/1708079077_tintuc1.png', '<h2><strong>Chiều ng&agrave;y 6/7, tại Trung t&acirc;m Thể dục thể thao Thống Nhất, TP HCM, Đại diện L&atilde;nh đạo Li&ecirc;n đo&agrave;n b&oacute;ng đ&aacute; TP HCM (HFF) v&agrave;&nbsp;C&ocirc;ng ty Thể thao CP Sport đ&atilde; c&oacute; buổi lễ k&yacute; kết hợp đồng t&agrave;i trợ trang phục.</strong></h2>', '<p>Theo đ&oacute;, c&oacute; mặt tại buổi t&agrave;i trợ k&yacute; kết hợp đồng ph&iacute;a L&atilde;nh đạo Li&ecirc;n đo&agrave;n b&oacute;ng đ&aacute; TP HCM gồm: Ph&oacute; Chủ tịch HFF &ndash; &ocirc;ng Ng&ocirc; L&ecirc; Bằng; &Ocirc;ng Ho&agrave;ng Ngọc Tuấn &ndash; Ph&oacute; tổng thư k&yacute; HFF; &ocirc;ng Nguyễn Duy Th&igrave;n &ndash; Ch&aacute;nh văn ph&ograve;ng HFF. Đại diện nh&agrave; t&agrave;i trợ gồm: &Ocirc;ng Trần Văn Ho&agrave;n &ndash; Gi&aacute;m đốc C&ocirc;ng Ty thể thao CP Sport v&agrave; b&agrave; Nghi&ecirc;m Tạ Anh Đ&agrave;o &ndash; Gi&aacute;m đốc kinh doanh C&ocirc;ng ty thể thao CP Sport.</p>\r\n\r\n<p>Tại buổi lễ k&yacute; kết, đại diện ph&iacute;a C&ocirc;ng ty Thể thao CP Sport đ&atilde; tại trợ 70 bộ trang phục với gi&aacute; trị hơn 200 triệu đồng cho trọng tại Li&ecirc;n đo&agrave;n b&oacute;ng đ&aacute; TP HCM từ năm 2023 đến 2025. Chia sẻ tại buổi lễ k&yacute; kết, &ocirc;ng Ng&ocirc; L&ecirc; Bằng &ndash; Ph&oacute; Chủ tịch HFF n&oacute;i: &ldquo;Li&ecirc;n đo&agrave;n b&oacute;ng đ&aacute; TP HCM vui mừng v&agrave; vinh hạnh nhận được sự quan t&acirc;m của C&ocirc;ng ty Thể thao CP Sport. Chắc chắn đ&acirc;y l&agrave; tin vui cho b&oacute;ng đ&aacute; TP HCM, bởi trong ho&agrave;n cảnh nguồn chi của cả nước n&oacute;i chung v&agrave; của b&oacute;ng đ&aacute; TP HCM n&oacute;i ri&ecirc;ng c&ograve;n nhiều kh&oacute; khăn. Tuy nhi&ecirc;n, với sự chung tay g&oacute;p sức của C&ocirc;ng ty thể thao CP Sport đ&acirc;y cũng l&agrave; động lực để Li&ecirc;n đo&agrave;n b&oacute;ng đ&aacute; TP HCM, ban trọng t&agrave;i HFF ho&agrave;n th&agrave;nh tốt nhiệm vụ.</p>\r\n\r\n<p><img src=\"https://file.hstatic.net/200000247969/file/0eae578fa5bc75e22cad_67249ee796484544b1ee7e83b282e9f0_grande.jpg\" /></p>\r\n\r\n<p><em>&Ocirc;ng Ng&ocirc; L&ecirc; Bằng &ndash; Ph&oacute; Chủ tịch HFF ph&aacute;t biểu tại Lễ k&yacute; kết.</em></p>\r\n\r\n<p>Hy vọng rằng trong thời gian tới ph&iacute;a Li&ecirc;n đo&agrave;n b&oacute;ng đ&aacute; TP HCM v&agrave; C&ocirc;ng ty Thể thao CP Sport tiếp tục gắn hợp t&aacute;c nhiều hơn nữa để b&oacute;ng đ&aacute; phong tr&agrave;o TP HCM c&ugrave;ng ph&aacute;t triển. Một lần nữa thay mặt HFF cảm ơn C&ocirc;ng ty thể thao CP Sport, cảm ơn Ph&oacute;ng vi&ecirc;n &ndash; B&aacute;o đ&agrave;i đến dự v&agrave; đưa tin&rdquo;.&nbsp;</p>\r\n\r\n<p><img src=\"https://file.hstatic.net/200000247969/file/3fdfabb8598b89d5d09a_5ee71535a7ae4ec89107e9e61849af30_grande.jpg\" /></p>\r\n\r\n<p>Về ph&iacute;a nh&agrave; t&agrave;i trợ, &Ocirc;ng Trần Văn Ho&agrave;n chia sẻ: &ldquo;Thay mặt C&ocirc;ng ty Thể thao CP Sport, t&ocirc;i xin cảm ơn HFF đ&atilde; tin tưởng lựa chọn, đồng h&agrave;nh c&ugrave;ng ch&uacute;ng t&ocirc;i trong thời gian trước đ&oacute; v&agrave; hợp đồng hiện tại 2023-2025. Trong suốt 6 năm qua, ch&uacute;ng t&ocirc;i &yacute; thức r&otilde; trọng tr&aacute;ch m&igrave;nh phải đảm nhiệm. Trọng t&agrave;i kh&ocirc;ng chỉ l&agrave; người điều phối trận đấu, tr&ecirc;n s&acirc;n họ c&ograve;n l&agrave; những người cầm c&acirc;n nảy mực, cho thấy sự ch&iacute;nh trực &ndash; c&ocirc;ng t&acirc;m. V&igrave; vậy, ch&uacute;ng t&ocirc;i kh&ocirc;ng ngừng nỗ lực để mang đến những trang phục chất lượng, đảm bảo sự chuy&ecirc;n nghiệp, thoải m&aacute;i nhất cho c&aacute;c trọng t&agrave;i.</p>\r\n\r\n<p><em><img src=\"https://file.hstatic.net/200000247969/file/17240b36f905295b7014_89afea3aeea446ffadf0160e135ce36d_grande.jpg\" /></em></p>\r\n\r\n<p><em>Đại diện C&ocirc;ng ty Thể thao CP Sport &ndash; Gi&aacute;m đốc Trần Văn Ho&agrave;n chia sẻ.</em></p>\r\n\r\n<p>Hợp đồng giữa C&ocirc;ng ty thể thao CP Sport v&agrave; Ban trọng t&agrave;i HFF kh&ocirc;ng chỉ l&agrave; t&agrave;i ch&iacute;nh, điều tất yếu ch&uacute;ng t&ocirc;i mong muốn l&agrave; sự trải nghiệm, cam kết của sản phẩm tr&ecirc;n con đường ph&aacute;t triển của m&ocirc;n thể thao Vua. Ch&uacute;ng t&ocirc;i kh&ocirc;ng chỉ đồng h&agrave;nh c&ugrave;ng trọng t&agrave;i TP HCM ở c&aacute;c sự kiện lớn, ngay cả chương tr&igrave;nh đ&agrave;o tạo, đ&aacute;nh gi&aacute; n&acirc;ng cao nghiệp vụ C&ocirc;ng ty thể thao CP Sport sẵn s&agrave;ng chia sẻ hợp t&aacute;c.</p>\r\n\r\n<p>Cuối c&ugrave;ng, t&ocirc;i muốn cảm ơn sự ủng hộ, hợp t&aacute;c tin tưởng của HFF với C&ocirc;ng ty Thể thao CP Sport. Ch&uacute;ng t&ocirc;i sẵn s&agrave;ng v&agrave; mong muốn đ&oacute;ng g&oacute;p phần nhỏ v&agrave;o sự ph&aacute;t triển bền vững th&agrave;nh c&ocirc;ng của m&ocirc;n Thể thao vua. Ch&uacute;ng t&ocirc;i tin rằng với sự hợp t&aacute;c chặt chẽ v&agrave; sự đồng l&ograve;ng của c&aacute;c b&ecirc;n ch&uacute;ng ta sẽ c&oacute; một m&ocirc;i trường thi đấu c&ocirc;ng t&acirc;m, chuy&ecirc;n nghiệp cho b&oacute;ng đ&aacute; TP HCM&rdquo;.</p>\r\n\r\n<p><strong>Một số h&igrave;nh ảnh tại buổi lễ k&yacute; kết</strong></p>\r\n\r\n<p><img src=\"https://file.hstatic.net/200000247969/file/0c21f7120521d57f8c30_62d55d468a9b478babd20c0aae3aa41a_grande.jpg\" /></p>\r\n\r\n<p><img src=\"https://file.hstatic.net/200000247969/file/12eeab9b58a888f6d1b9_e839b6c647a84458a3c0b11f76bd7a23_grande.jpg\" /></p>\r\n\r\n<p><img src=\"https://file.hstatic.net/200000247969/file/75c9e9851ab6cae893a7_53a940c176384be7ba9266b6e7a6c7b5_grande.jpg\" /></p>\r\n\r\n<p><img src=\"https://file.hstatic.net/200000247969/file/79a13affc9cc199240dd_0c9e97aef4524d4b823b35944f0daf60_grande.jpg\" /></p>\r\n\r\n<p><img src=\"https://file.hstatic.net/200000247969/file/a18a0f64fd572d097446_d72399f2ed3b436499d30760ce9372a8_grande.jpg\" /></p>\r\n\r\n<p><img src=\"https://file.hstatic.net/200000247969/file/a9512f6add590d075448_a6ff9e3d0f24436c92a956e16304ce63_grande.jpg\" /></p>\r\n\r\n<p><img src=\"https://file.hstatic.net/200000247969/file/c291086ffa5c2a02734d_d10294fbc0f74058ac3c269d001dfcd0_grande.jpg\" /></p>\r\n\r\n<p><img src=\"https://file.hstatic.net/200000247969/file/dc261183e3b033ee6aa1_01f2520eff144176ad1f2d39ba2ad51a_grande.jpg\" /></p>\r\n\r\n<p><img src=\"https://file.hstatic.net/200000247969/file/e70d72368005505b0914__1__70562cdbe3fb4520b09828606a45a327_grande.jpg\" /></p>', 1, 12, NULL, 'https://cp-sport.vn/blogs/news/le-ky-ket-tai-tro-trang-phuc-giu-cong-ty-the-thao-cp-sport-va-ban-tron', 1, NULL, NULL, NULL, '2021-10-27 02:59:28', '2024-02-16 10:24:37');

-- --------------------------------------------------------

--
-- Cấu trúc bảng cho bảng `banners`
--

CREATE TABLE `banners` (
  `id` int(10) UNSIGNED NOT NULL,
  `title` varchar(255) CHARACTER SET utf8 COLLATE utf8_unicode_ci NOT NULL,
  `slug` varchar(255) COLLATE utf8mb4_unicode_ci NOT NULL,
  `image` varchar(255) COLLATE utf8mb4_unicode_ci DEFAULT NULL,
  `url` varchar(255) COLLATE utf8mb4_unicode_ci DEFAULT NULL,
  `target` varchar(255) COLLATE utf8mb4_unicode_ci DEFAULT NULL,
  `description` text CHARACTER SET utf8 COLLATE utf8_unicode_ci,
  `type` int(10) UNSIGNED NOT NULL DEFAULT '0',
  `position` int(10) UNSIGNED NOT NULL DEFAULT '0',
  `is_active` int(10) UNSIGNED NOT NULL DEFAULT '1',
  `created_at` timestamp NULL DEFAULT NULL,
  `updated_at` timestamp NULL DEFAULT NULL
) ENGINE=InnoDB DEFAULT CHARSET=utf8mb4 COLLATE=utf8mb4_unicode_ci ROW_FORMAT=DYNAMIC;

--
-- Đang đổ dữ liệu cho bảng `banners`
--

INSERT INTO `banners` (`id`, `title`, `slug`, `image`, `url`, `target`, `description`, `type`, `position`, `is_active`, `created_at`, `updated_at`) VALUES
(13, 'Giảm giá ngày tết', 'giam-gia-ngay-tet', 'uploads/banner/banner1.png', NULL, '1', NULL, 1, 1, 1, '2024-02-16 10:00:27', '2024-02-16 10:00:27'),
(14, 'Banner 2', 'banner-2', 'uploads/banner/banner2.png', NULL, '1', NULL, 1, 1, 1, '2024-02-16 10:01:07', '2024-02-16 10:01:07');

-- --------------------------------------------------------

--
-- Cấu trúc bảng cho bảng `brands`
--

CREATE TABLE `brands` (
  `id` int(10) UNSIGNED NOT NULL,
  `name` varchar(255) COLLATE utf8mb4_unicode_ci NOT NULL,
  `slug` varchar(255) COLLATE utf8mb4_unicode_ci DEFAULT NULL,
  `image` varchar(255) COLLATE utf8mb4_unicode_ci DEFAULT NULL,
  `website` varchar(255) COLLATE utf8mb4_unicode_ci DEFAULT NULL,
  `position` int(10) UNSIGNED NOT NULL DEFAULT '0',
  `is_active` int(10) UNSIGNED NOT NULL DEFAULT '1',
  `created_at` timestamp NULL DEFAULT NULL,
  `updated_at` timestamp NULL DEFAULT NULL
) ENGINE=InnoDB DEFAULT CHARSET=utf8mb4 COLLATE=utf8mb4_unicode_ci ROW_FORMAT=DYNAMIC;

--
-- Đang đổ dữ liệu cho bảng `brands`
--

INSERT INTO `brands` (`id`, `name`, `slug`, `image`, `website`, `position`, `is_active`, `created_at`, `updated_at`) VALUES
(15, 'thươnghieu5', 'thuonghieu5', 'uploads/brand/thuonghieu5.png', 'https://vn.canon/', 10, 1, '2020-04-11 21:52:35', '2024-02-16 10:19:18'),
(18, 'thuonghieu4', 'thuonghieu4', 'uploads/brand/thuonghieu4.png', 'https://www.hp.com/vn-en/home.html', 1, 1, '2020-07-17 05:38:27', '2024-02-16 10:18:57'),
(19, 'thuonghieu3', 'thuonghieu3', 'uploads/brand/thuonghieu3.png', 'https://masstel.vn/', 11, 1, '2021-09-27 03:16:12', '2024-02-16 10:18:37'),
(20, 'thuonghieu2', 'thuonghieu2', 'uploads/brand/thuonghieu2.png', 'https://www.lenovo.com/vn/vn/', 4, 1, '2021-09-27 03:42:49', '2024-02-16 10:18:17'),
(21, 'thuonghieu1', 'thuonghieu1', 'uploads/brand/thuonghieu1.png', 'https://www.brother.com.vn/vi-vn', 12, 1, '2021-09-28 02:55:12', '2024-02-16 10:17:55'),
(22, 'thuonghieu6', 'thuonghieu6', 'uploads/brand/thuonghieu5.png', NULL, 1, 1, '2024-02-16 10:21:35', '2024-02-16 10:21:35');

-- --------------------------------------------------------

--
-- Cấu trúc bảng cho bảng `categories`
--

CREATE TABLE `categories` (
  `id` int(10) UNSIGNED NOT NULL,
  `name` varchar(255) COLLATE utf8mb4_unicode_ci NOT NULL,
  `slug` varchar(255) COLLATE utf8mb4_unicode_ci NOT NULL,
  `image` varchar(255) COLLATE utf8mb4_unicode_ci DEFAULT NULL,
  `parent_id` int(10) UNSIGNED DEFAULT NULL,
  `position` int(10) UNSIGNED NOT NULL DEFAULT '0',
  `is_active` int(10) UNSIGNED NOT NULL DEFAULT '1',
  `type` tinyint(4) NOT NULL,
  `created_at` timestamp NULL DEFAULT NULL,
  `updated_at` timestamp NULL DEFAULT NULL
) ENGINE=InnoDB DEFAULT CHARSET=utf8mb4 COLLATE=utf8mb4_unicode_ci ROW_FORMAT=DYNAMIC;

--
-- Đang đổ dữ liệu cho bảng `categories`
--

INSERT INTO `categories` (`id`, `name`, `slug`, `image`, `parent_id`, `position`, `is_active`, `type`, `created_at`, `updated_at`) VALUES
(1, 'Gang Tay Thủ Môn', 'gang-tay-thu-mon', NULL, 0, 22, 1, 1, '2020-03-22 20:17:22', '2024-02-16 10:13:25'),
(2, 'Phụ kiện bóng đá', 'phu-kien-bong-da', NULL, 0, 2, 1, 1, '2020-03-22 20:17:43', '2024-02-16 10:12:15'),
(52, 'Quần áo đá bóng', 'quan-ao-da-bong', NULL, 0, 21, 1, 1, '2021-09-28 02:26:28', '2024-02-16 10:10:55'),
(54, 'Giày đá bóng', 'giay-da-bong', NULL, 0, 1, 1, 1, '2021-09-28 03:16:21', '2024-02-16 10:10:35');

-- --------------------------------------------------------

--
-- Cấu trúc bảng cho bảng `contacts`
--

CREATE TABLE `contacts` (
  `id` int(10) UNSIGNED NOT NULL,
  `name` varchar(255) COLLATE utf8mb4_unicode_ci DEFAULT NULL,
  `phone` varchar(255) COLLATE utf8mb4_unicode_ci DEFAULT NULL,
  `email` varchar(255) COLLATE utf8mb4_unicode_ci DEFAULT NULL,
  `content` text CHARACTER SET utf8 COLLATE utf8_unicode_ci,
  `created_at` timestamp NULL DEFAULT NULL,
  `updated_at` timestamp NULL DEFAULT NULL
) ENGINE=InnoDB DEFAULT CHARSET=utf8mb4 COLLATE=utf8mb4_unicode_ci ROW_FORMAT=DYNAMIC;

--
-- Đang đổ dữ liệu cho bảng `contacts`
--

INSERT INTO `contacts` (`id`, `name`, `phone`, `email`, `content`, `created_at`, `updated_at`) VALUES
(9, 'Thao', '0987689993', 'thao@gmail.com', 'Chao ban', '2020-08-03 07:02:48', '2020-08-03 07:02:48'),
(10, 'Khanh', '0900909999', 'khang@gmail.com', 'Chao ban afasdfsd', '2020-08-14 05:51:58', '2020-08-14 05:51:58'),
(11, 'Nam Anh', '09785423121', 'namanhnguyen14@gmail.com', 'cần hỗ trợ', '2021-09-23 09:17:48', '2021-09-23 09:17:48'),
(12, 'Hà Béo', '02185398613', 'habeo145@gmail.com', 'không có gì', '2021-10-01 02:56:13', '2021-10-01 02:56:13'),
(13, 'Nguyễn Linh Lan', '0965341523', 'linhlannguyen145@gmail.com', 'cần hỗ trợ', '2021-10-01 03:39:24', '2021-10-01 03:39:24'),
(14, 'Hùng Nguyễn Phùng', '078234512', 'nguyenphung145@gmail.com', 'xin chào', '2021-10-01 03:40:52', '2021-10-01 03:40:52'),
(15, 'DTX', '9142085130', 'haha145@gmail.com', NULL, '2021-10-01 04:28:39', '2021-10-01 04:28:39'),
(16, 'nguyễn Văn An Ninh', '0912314567', 'anninh145@gmail.com', 'cần hỗ trợ', '2021-10-01 04:30:28', '2021-10-01 04:30:28'),
(17, 'Nguyễn Văn A', '0967582412', 'vana@gmail.com', 'cần hỗ trợ về sản phẩm abcxyz', '2021-10-02 03:08:54', '2021-10-02 03:08:54'),
(18, 'Nguyễn Ngọc Bích', '0678921312', 'bichnguyentran@gmail.com', 'hỗ trợ về tài khoản', '2021-10-04 01:55:12', '2021-10-04 01:55:12'),
(19, 'Nguyễn Kim Lan', '0987421651', 'lankimnguyen@gmail.com', 'cần hỗ trợ', '2021-10-08 03:06:08', '2021-10-08 03:06:08'),
(20, 'Nguyễn Linh Khánh', '0821957232', 'nguyenlinh@gmail.com', 'Hỗ trợ tôi', '2021-10-08 03:07:20', '2021-10-08 03:07:20'),
(21, 'Nguyễn Phương Thúy', '01248325326', 'thuynguyen@gmail.com', NULL, '2021-10-08 03:11:28', '2021-10-08 03:11:28'),
(22, 'Nguyễn Hùng Cao', '0846162462', 'hungcao@gmail.com', 'Xin chào', '2021-10-08 03:18:12', '2021-10-08 03:18:12'),
(23, 'Lan Anh Nguyễn', '01295812516', 'anhlan@gmail.com', 'Cần hỗ trợ về sản phẩm này', '2021-10-08 03:23:24', '2021-10-08 03:23:24'),
(24, 'Nam Anh Nguyễn', '0875612412', 'nguyenanhnam@gmail.com', 'Hỗ trợ tôi', '2021-10-08 03:32:46', '2021-10-08 03:32:46'),
(25, 'Nguyễn Mai Anh', '0965524121', 'maianh@gmail.com', 'cần hỗ trợ về tài khoản', '2021-10-08 03:35:38', '2021-10-08 03:35:38'),
(26, 'Nguyễn Tiến Dũng', '0129583268', 'nguyentiendung@gmail.com', 'hello', '2021-10-08 03:39:39', '2021-10-08 03:39:39'),
(27, 'Nguyễn Thị Loan', '0912457897', 'loannguyen@gmail.com', 'hàng bị lỗi', '2021-10-08 03:41:50', '2021-10-08 03:41:50'),
(28, 'Hưng Nguyễn', '0132638793', 'hungnguyen156@gmail.com', 'help', '2021-10-08 03:46:12', '2021-10-08 03:46:12'),
(29, 'Hoàng Công Dũng', '0951264375', 'dunghoang@gmail.com', 'cần hỗ trợ về vấn đề này', '2021-10-08 03:48:23', '2021-10-08 03:48:23'),
(30, 'Nguyễn Văn Toàn', '097248653214', 'toannguyen145@gmail.com', 'không có gì', '2021-10-13 08:07:35', '2021-10-13 08:07:35');

-- --------------------------------------------------------

--
-- Cấu trúc bảng cho bảng `coupons`
--

CREATE TABLE `coupons` (
  `id` int(11) NOT NULL,
  `code` varchar(255) COLLATE utf8mb4_unicode_ci NOT NULL,
  `type` int(11) DEFAULT NULL,
  `value` int(11) DEFAULT NULL,
  `percent` int(11) DEFAULT NULL,
  `created_at` timestamp NULL DEFAULT NULL,
  `updated_at` timestamp NULL DEFAULT NULL
) ENGINE=InnoDB DEFAULT CHARSET=utf8mb4 COLLATE=utf8mb4_unicode_ci;

--
-- Đang đổ dữ liệu cho bảng `coupons`
--

INSERT INTO `coupons` (`id`, `code`, `type`, `value`, `percent`, `created_at`, `updated_at`) VALUES
(1, 'SHOP-KM1', 1, 50000, 30, '2020-05-19 16:50:32', '2020-05-19 16:50:32'),
(2, 'SHOP-K2', 2, NULL, 50, '2020-05-19 16:52:27', '2020-05-19 16:52:27');

-- --------------------------------------------------------

--
-- Cấu trúc bảng cho bảng `member`
--

CREATE TABLE `member` (
  `id` bigint(20) UNSIGNED NOT NULL,
  `name` varchar(255) COLLATE utf8mb4_unicode_ci NOT NULL,
  `created_at` timestamp NULL DEFAULT NULL,
  `updated_at` timestamp NULL DEFAULT NULL
) ENGINE=InnoDB DEFAULT CHARSET=utf8mb4 COLLATE=utf8mb4_unicode_ci;

-- --------------------------------------------------------

--
-- Cấu trúc bảng cho bảng `migrations`
--

CREATE TABLE `migrations` (
  `id` int(10) UNSIGNED NOT NULL,
  `migration` varchar(255) COLLATE utf8mb4_unicode_ci NOT NULL,
  `batch` int(11) NOT NULL
) ENGINE=InnoDB DEFAULT CHARSET=utf8mb4 COLLATE=utf8mb4_unicode_ci ROW_FORMAT=DYNAMIC;

--
-- Đang đổ dữ liệu cho bảng `migrations`
--

INSERT INTO `migrations` (`id`, `migration`, `batch`) VALUES
(7, '2014_10_12_000000_create_users_table', 1),
(8, '2014_10_12_100000_create_password_resets_table', 1),
(9, '2020_01_07_122649_create_categories_table', 1),
(10, '2020_01_09_113851_create_products_table', 1),
(11, '2020_02_06_031728_create_banners_table', 2),
(12, '2020_02_06_032831_create_banners_table', 3),
(13, '2020_02_06_125433_create_vendors_table', 4),
(14, '2020_02_06_125734_create_brands_table', 5),
(15, '2020_03_04_083632_create_products_table', 6),
(17, '2020_03_05_122445_create_contacts_table', 7),
(20, '2020_07_13_130015_create_member_table', 8);

-- --------------------------------------------------------

--
-- Cấu trúc bảng cho bảng `orders`
--

CREATE TABLE `orders` (
  `id` int(11) NOT NULL,
  `code` varchar(255) COLLATE utf8mb4_unicode_ci DEFAULT NULL,
  `fullname` varchar(255) COLLATE utf8mb4_unicode_ci NOT NULL,
  `email` varchar(255) COLLATE utf8mb4_unicode_ci NOT NULL,
  `address` varchar(255) COLLATE utf8mb4_unicode_ci NOT NULL,
  `address2` varchar(255) COLLATE utf8mb4_unicode_ci DEFAULT NULL,
  `phone` varchar(255) COLLATE utf8mb4_unicode_ci NOT NULL,
  `discount` int(11) DEFAULT '0',
  `note` text COLLATE utf8mb4_unicode_ci,
  `coupon` varchar(255) COLLATE utf8mb4_unicode_ci DEFAULT '0',
  `total` int(11) DEFAULT '0',
  `user_id` int(11) DEFAULT '0',
  `order_status_id` int(11) DEFAULT '0',
  `payment_id` int(11) DEFAULT '0',
  `created_at` timestamp NULL DEFAULT NULL,
  `updated_at` timestamp NULL DEFAULT NULL
) ENGINE=InnoDB DEFAULT CHARSET=utf8mb4 COLLATE=utf8mb4_unicode_ci;

--
-- Đang đổ dữ liệu cho bảng `orders`
--

INSERT INTO `orders` (`id`, `code`, `fullname`, `email`, `address`, `address2`, `phone`, `discount`, `note`, `coupon`, `total`, `user_id`, `order_status_id`, `payment_id`, `created_at`, `updated_at`) VALUES
(20, 'DH-16022024-1708094032', 'TRUONGDUC', 'duc@gmail.com', 'Hà Nội', NULL, '0999999999', 0, NULL, '0', 431000, 0, 1, 0, '2024-02-16 14:33:52', '2024-02-16 14:33:52');

-- --------------------------------------------------------

--
-- Cấu trúc bảng cho bảng `order_products`
--

CREATE TABLE `order_products` (
  `id` int(11) NOT NULL,
  `name` varchar(255) COLLATE utf8mb4_unicode_ci DEFAULT NULL,
  `image` varchar(255) COLLATE utf8mb4_unicode_ci DEFAULT NULL,
  `sku` varchar(255) COLLATE utf8mb4_unicode_ci DEFAULT NULL,
  `user_id` int(11) DEFAULT NULL,
  `order_id` int(11) NOT NULL,
  `product_id` int(11) NOT NULL,
  `price` int(11) NOT NULL,
  `qty` int(11) NOT NULL
) ENGINE=InnoDB DEFAULT CHARSET=utf8mb4 COLLATE=utf8mb4_unicode_ci;

--
-- Đang đổ dữ liệu cho bảng `order_products`
--

INSERT INTO `order_products` (`id`, `name`, `image`, `sku`, `user_id`, `order_id`, `product_id`, `price`, `qty`) VALUES
(16, 'Bảo vệ ống quyển Reusch Shinguard Attrakt Supreme', 'uploads/product/1708091153_ScreenShot Tool -20240216204429.png', NULL, NULL, 20, 174, 431000, 1);

-- --------------------------------------------------------

--
-- Cấu trúc bảng cho bảng `order_status`
--

CREATE TABLE `order_status` (
  `id` int(11) NOT NULL,
  `name` varchar(255) COLLATE utf8mb4_unicode_ci NOT NULL
) ENGINE=InnoDB DEFAULT CHARSET=utf8mb4 COLLATE=utf8mb4_unicode_ci;

--
-- Đang đổ dữ liệu cho bảng `order_status`
--

INSERT INTO `order_status` (`id`, `name`) VALUES
(1, 'Mới'),
(2, 'Đang Xử Lý'),
(3, 'Hoàn Thành'),
(4, 'Hủy');

-- --------------------------------------------------------

--
-- Cấu trúc bảng cho bảng `password_resets`
--

CREATE TABLE `password_resets` (
  `email` varchar(255) COLLATE utf8mb4_unicode_ci NOT NULL,
  `token` varchar(255) COLLATE utf8mb4_unicode_ci NOT NULL,
  `created_at` timestamp NULL DEFAULT NULL
) ENGINE=InnoDB DEFAULT CHARSET=utf8mb4 COLLATE=utf8mb4_unicode_ci ROW_FORMAT=DYNAMIC;

-- --------------------------------------------------------

--
-- Cấu trúc bảng cho bảng `products`
--

CREATE TABLE `products` (
  `id` int(10) UNSIGNED NOT NULL,
  `name` varchar(255) COLLATE utf8mb4_unicode_ci NOT NULL,
  `slug` varchar(255) COLLATE utf8mb4_unicode_ci NOT NULL,
  `image` varchar(255) COLLATE utf8mb4_unicode_ci DEFAULT NULL,
  `stock` int(11) NOT NULL DEFAULT '0',
  `price` int(11) NOT NULL DEFAULT '0',
  `sale` int(11) NOT NULL DEFAULT '0',
  `position` int(11) NOT NULL DEFAULT '0',
  `is_active` int(11) NOT NULL DEFAULT '1',
  `is_hot` int(11) NOT NULL DEFAULT '0',
  `views` int(11) NOT NULL DEFAULT '0',
  `category_id` int(11) NOT NULL DEFAULT '0',
  `url` varchar(255) COLLATE utf8mb4_unicode_ci DEFAULT NULL,
  `sku` varchar(255) COLLATE utf8mb4_unicode_ci DEFAULT NULL,
  `color` varchar(255) COLLATE utf8mb4_unicode_ci DEFAULT NULL,
  `memory` varchar(255) COLLATE utf8mb4_unicode_ci DEFAULT NULL,
  `brand_id` int(11) NOT NULL DEFAULT '0',
  `vendor_id` int(11) NOT NULL DEFAULT '0',
  `summary` text COLLATE utf8mb4_unicode_ci,
  `description` text COLLATE utf8mb4_unicode_ci,
  `meta_title` varchar(255) COLLATE utf8mb4_unicode_ci DEFAULT NULL,
  `meta_description` text COLLATE utf8mb4_unicode_ci,
  `user_id` int(11) NOT NULL DEFAULT '0',
  `created_at` timestamp NULL DEFAULT NULL,
  `updated_at` timestamp NULL DEFAULT NULL
) ENGINE=InnoDB DEFAULT CHARSET=utf8mb4 COLLATE=utf8mb4_unicode_ci ROW_FORMAT=DYNAMIC;

--
-- Đang đổ dữ liệu cho bảng `products`
--

INSERT INTO `products` (`id`, `name`, `slug`, `image`, `stock`, `price`, `sale`, `position`, `is_active`, `is_hot`, `views`, `category_id`, `url`, `sku`, `color`, `memory`, `brand_id`, `vendor_id`, `summary`, `description`, `meta_title`, `meta_description`, `user_id`, `created_at`, `updated_at`) VALUES
(154, 'Túi Đựng Găng Reusch Goalkeeping Bag', 'tui-dung-gang-reusch-goalkeeping-bag', 'uploads/product/1708093400_ScreenShot Tool -20240216212243.png', 15, 1000000, 690000, 1, 1, 0, 0, 2, NULL, 'XB3001', NULL, NULL, 19, 0, '<ul>\r\n	<li>Giảm gi&aacute; theo gi&aacute; trị đơn h&agrave;ng.</li>\r\n	<li>Đồng gi&aacute; Ship to&agrave;n quốc 35.000đ</li>\r\n	<li>Đổi trả trong 7 ng&agrave;y nếu sản phẩm lỗi bất k&igrave;</li>\r\n	<li>Bảo h&agrave;nh keo 6 th&aacute;ng đối với gi&agrave;y - Đường chỉ 6 th&aacute;ng đối với găng tay (Kh&ocirc;ng bảo h&agrave;nh m&uacute;t)</li>\r\n	<li>Thu&ecirc; t&ecirc;n miễn ph&iacute; với tất cả sản phẩm mua tại shop.</li>\r\n</ul>', NULL, NULL, NULL, 0, '2021-09-28 01:45:55', '2024-02-16 14:23:20'),
(155, 'Giày Đá Banh Mizuno Alpha Select AS', 'giay-da-banh-mizuno-alpha-select-as', 'uploads/product/1708093196_ScreenShot Tool -20240216211903.png', 20, 900000, 790000, 1, 1, 1, 0, 54, NULL, 'XB3002', NULL, NULL, 20, 0, '<ul>\r\n	<li>Giảm gi&aacute; theo gi&aacute; trị đơn h&agrave;ng.</li>\r\n	<li>Đồng gi&aacute; Ship to&agrave;n quốc 35.000đ</li>\r\n	<li>Đổi trả trong 7 ng&agrave;y nếu sản phẩm lỗi bất k&igrave;</li>\r\n	<li>Bảo h&agrave;nh keo 6 th&aacute;ng đối với gi&agrave;y - Đường chỉ 6 th&aacute;ng đối với găng tay (Kh&ocirc;ng bảo h&agrave;nh m&uacute;t)</li>\r\n	<li>Thu&ecirc; t&ecirc;n miễn ph&iacute; với tất cả sản phẩm mua tại shop.</li>\r\n</ul>', '<p>izuno &alpha; Select AS&nbsp;l&agrave; d&ograve;ng gi&agrave;y b&oacute;ng đ&aacute; s&acirc;n cỏ nh&acirc;n tạo mới ra mắt của Mizuno cuối năm 2022 với trọng lượng nhẹ, chỉ 245g c&ugrave;ng thiết kế mới độc đ&aacute;o d&agrave;nh cho c&aacute;c cầu thủ ưa th&iacute;ch lối chơi tốc độ. Đ&acirc;y l&agrave; mẫu gi&agrave;y được tối ưu phần bề mặt n&ecirc;n d&ugrave; kh&ocirc;ng được l&agrave;m từ da thật, Mizuno &alpha; Select AS vẫn c&oacute; độ mềm mại v&agrave; cảm gi&aacute;c ch&acirc;n rất tốt. Phần th&acirc;n gi&agrave;y được thiết kế với logo Mizuno chạy d&agrave;i c&ugrave;ng những đường gợn s&oacute;ng ở phần g&oacute;t gi&agrave;y mang tới sự tinh tế, ấn tượng cho tổng thể thiết kế. Đặc biệt, hơn 50% upper gi&agrave;y được l&agrave;m từ vật liệu t&aacute;i chế, g&oacute;p phần bảo vệ m&ocirc;i trường.</p>\r\n\r\n<p><strong>&nbsp;* Đặc điểm nổi bật của Mizuno &alpha; Select AS:</strong></p>\r\n\r\n<ul>\r\n	<li>Chất liệu da tổng hợp thế hệ mới mềm mại, cho cảm gi&aacute;c ch&acirc;n tốt.&nbsp;</li>\r\n	<li>Phom gi&agrave;y đặc biệt ph&ugrave; hợp với b&agrave;n ch&acirc;n người Việt, những cầu thủ ch&acirc;n b&egrave; ho&agrave;n to&agrave;n c&oacute; thể sử dụng m&agrave; kh&ocirc;ng gặp ch&uacute;t kh&oacute; khăn n&agrave;o.&nbsp;</li>\r\n	<li>Trọng lượng kh&aacute; nhẹ, chỉ 245g (size 42).&nbsp;</li>\r\n	<li>L&oacute;t gi&agrave;y &aacute;p dụng c&ocirc;ng nghệ Zeroglide c&oacute; độ b&aacute;m cao, giảm thiểu t&igrave;nh trạng trơn trượt v&agrave; c&oacute; thể th&aacute;o rời.&nbsp;</li>\r\n	<li>Hệ thống đinh dăm được sắp xếp khoa học, bền bỉ, b&aacute;m s&acirc;n rất tốt ngay cả khi điều kiện thời tiết kh&ocirc;ng thật sự thuận lợi. Với thiết kế mới v&agrave; những thay đổi đ&aacute;ng gi&aacute;, Mizuno &alpha; Select AS l&agrave; mẫu gi&agrave;y to&agrave;n diện với tốc độ c&ugrave;ng độ ổn định cao, mang tới hiệu suất thi đấu ấn tượng. Những cầu thủ c&oacute; lối chơi thi&ecirc;n về tốc độ v&agrave; mong muốn một đ&ocirc;i gi&agrave;y ổn định, nhẹ, cảm gi&aacute;c b&oacute;ng tốt kh&ocirc;ng thể bỏ qua Mizuno &alpha; Select AS.</li>\r\n</ul>', NULL, NULL, 0, '2021-09-28 01:48:26', '2024-02-16 14:19:56'),
(156, 'Giày Đá Banh Puma Ultra 1.4 MG', 'giay-da-banh-puma-ultra-14-mg', 'uploads/product/1708093057_ScreenShot Tool -20240216211641.png', 25, 1200000, 990000, 1, 1, 0, 0, 54, NULL, 'XB3003', NULL, NULL, 18, 0, '<ul>\r\n	<li>Giảm gi&aacute; theo gi&aacute; trị đơn h&agrave;ng.</li>\r\n	<li>Đồng gi&aacute; Ship to&agrave;n quốc 35.000đ</li>\r\n	<li>Đổi trả trong 7 ng&agrave;y nếu sản phẩm lỗi bất k&igrave;</li>\r\n	<li>Bảo h&agrave;nh keo 6 th&aacute;ng đối với gi&agrave;y - Đường chỉ 6 th&aacute;ng đối với găng tay (Kh&ocirc;ng bảo h&agrave;nh m&uacute;t)</li>\r\n	<li>Thu&ecirc; t&ecirc;n miễn ph&iacute; với tất cả sản phẩm mua tại shop.</li>\r\n</ul>', '<ul>\r\n	<li>\r\n	<p><strong>Puma Ultra 1.4 MG 106720-03</strong>&nbsp;l&agrave; một đ&ocirc;i gi&agrave;y b&oacute;ng đ&aacute; s&acirc;n cỏ nh&acirc;n tạo mới ra mắt của&nbsp;<strong>Puma</strong>. Đ&ocirc;i gi&agrave;y được thiết kế với trọng lượng nhẹ, linh hoạt v&agrave; cung cấp khả năng kiểm so&aacute;t b&oacute;ng vượt trội.</p>\r\n\r\n	<p><strong><img src=\"https://file.hstatic.net/200000601263/file/puma_tim_07394196f7554d1490249d48b265e495_grande.jpg\" /></strong></p>\r\n\r\n	<p><strong>Puma Ultra 1.4 MG 10672003</strong></p>\r\n\r\n	<p>Đ&ocirc;i gi&agrave;y được l&agrave;m bằng chất liệu sợi dệt&nbsp;<strong>Primeknit</strong>&nbsp;nhẹ v&agrave; linh hoạt, gi&uacute;p bạn di chuyển dễ d&agrave;ng tr&ecirc;n s&acirc;n cỏ nh&acirc;n tạo. Lớp l&oacute;t&nbsp;<strong>OrthoLite Plush</strong>&nbsp;cung cấp sự thoải m&aacute;i v&agrave; hỗ trợ cho b&agrave;n ch&acirc;n của bạn.</p>\r\n\r\n	<p>Đế gi&agrave;y được l&agrave;m bằng c&ocirc;ng nghệ&nbsp;<strong>Pebax Speedunit</strong>, gi&uacute;p bạn tăng tốc v&agrave; di chuyển nhanh hơn. Khu vực mũi gi&agrave;y được l&agrave;m bằng c&ocirc;ng nghệ Grip Control Pro, gi&uacute;p bạn kiểm so&aacute;t b&oacute;ng tốt hơn.</p>\r\n\r\n	<p>Đ&ocirc;i gi&agrave;y c&oacute; sẵn với nhiều m&agrave;u sắc, bao gồm m&agrave;u đen v&agrave; v&agrave;ng.</p>\r\n	</li>\r\n</ul>\r\n\r\n<p><a href=\"javascript:void(0)\">Thu gọn</a></p>', NULL, NULL, 0, '2021-09-28 01:51:01', '2024-02-16 14:17:37'),
(157, 'Giày Đá Banh Mizuno Monarcida Neo Sala Club', 'giay-da-banh-mizuno-monarcida-neo-sala-club', 'uploads/product/1708092974_ScreenShot Tool -20240216211532.png', 25, 799000, 572500, 1, 1, 0, 0, 54, NULL, 'OW4001', NULL, NULL, 15, 0, '<p>&nbsp;</p>\r\n\r\n<ul>\r\n	<li>Giảm gi&aacute; theo gi&aacute; trị đơn h&agrave;ng.</li>\r\n	<li>Đồng gi&aacute; Ship to&agrave;n quốc 35.000đ</li>\r\n	<li>Đổi trả trong 7 ng&agrave;y nếu sản phẩm lỗi bất k&igrave;</li>\r\n	<li>Bảo h&agrave;nh keo 6 th&aacute;ng đối với gi&agrave;y - Đường chỉ 6 th&aacute;ng đối với găng tay (Kh&ocirc;ng bảo h&agrave;nh m&uacute;t)</li>\r\n	<li>Thu&ecirc; t&ecirc;n miễn ph&iacute; với tất cả sản phẩm mua tại shop.</li>\r\n</ul>', NULL, NULL, NULL, 0, '2021-09-28 01:58:23', '2024-02-16 14:16:14'),
(158, 'Giày Đá Banh Mizuno Monarcida Neo II Select AS Hồng', 'giay-da-banh-mizuno-monarcida-neo-ii-select-as-hong', 'uploads/product/1708092862_ScreenShot Tool -20240216211340.png', 25, 400000, 369000, 1, 1, 1, 0, 54, NULL, 'CN1010', NULL, NULL, 15, 0, '<p>&nbsp;</p>\r\n\r\n<ul>\r\n	<li>Giảm gi&aacute; theo gi&aacute; trị đơn h&agrave;ng.</li>\r\n	<li>Đồng gi&aacute; Ship to&agrave;n quốc 35.000đ</li>\r\n	<li>Đổi trả trong 7 ng&agrave;y nếu sản phẩm lỗi bất k&igrave;</li>\r\n	<li>Bảo h&agrave;nh keo 6 th&aacute;ng đối với gi&agrave;y - Đường chỉ 6 th&aacute;ng đối với găng tay (Kh&ocirc;ng bảo h&agrave;nh m&uacute;t)</li>\r\n	<li>Thu&ecirc; t&ecirc;n miễn ph&iacute; với tất cả sản phẩm mua tại shop.</li>\r\n</ul>', '<ul>\r\n	<li>L&agrave; sản phẩm mới nhất thuộc thế hệ thứ 2 của d&ograve;ng &quot;Mizuno quốc d&acirc;n&quot;</li>\r\n	<li>Chất liệu da được n&acirc;ng cấp mềm hơn, &ocirc;m ch&acirc;n hơn</li>\r\n	<li>Trọng lượng gi&agrave;y si&ecirc;u nhẹ hỗ trợ c&aacute;c pha bứt tốc, xử l&yacute; b&oacute;ng</li>\r\n	<li>L&oacute;t gi&agrave;y chống trơn c&oacute; thể th&aacute;o rời dễ vệ sinh</li>\r\n</ul>', NULL, NULL, 0, '2021-09-28 02:30:13', '2024-02-16 14:14:22'),
(159, 'Giày Đá Banh Mizuno Monarcida Neo Sala Select', 'giay-da-banh-mizuno-monarcida-neo-sala-select', 'uploads/product/1708092782_ScreenShot Tool -20240216211221.png', 25, 400000, 339000, 1, 1, 0, 0, 54, NULL, 'HP2001', NULL, NULL, 18, 0, '<ul>\r\n	<li>Giảm gi&aacute; theo gi&aacute; trị đơn h&agrave;ng.</li>\r\n	<li>Đồng gi&aacute; Ship to&agrave;n quốc 35.000đ</li>\r\n	<li>Đổi trả trong 7 ng&agrave;y nếu sản phẩm lỗi bất k&igrave;</li>\r\n	<li>Bảo h&agrave;nh keo 6 th&aacute;ng đối với gi&agrave;y - Đường chỉ 6 th&aacute;ng đối với găng tay (Kh&ocirc;ng bảo h&agrave;nh m&uacute;t)</li>\r\n	<li>Thu&ecirc; t&ecirc;n miễn ph&iacute; với tất cả sản phẩm mua tại shop.</li>\r\n</ul>', '<p>Mẫu gi&agrave;y điển h&igrave;nh được c&aacute;c cầu thủ sử dụng nhiều đ&oacute; ch&iacute;nh l&agrave; Monarcida Neo Sala Select TF, một mẫu gi&agrave;y hội tụ đủ c&aacute;c yếu tố bền bỉ, chắc chắn&nbsp;v&agrave; c&ograve;n c&oacute; mức gi&aacute; v&ocirc; c&ugrave;ng hợp l&yacute;. Ngo&agrave;i ra, Monarcida Neo Sala Select TF c&ograve;n c&oacute; những ưu điểm rất nổi bật.</p>\r\n\r\n<p>Được l&agrave;m từ da tổng hợp thế hệ mới, gi&uacute;p c&aacute;c cầu thủ khống chế b&oacute;ng &ecirc;m &aacute;i v&agrave; kiểm so&aacute;t b&oacute;ng tốt hơn.</p>\r\n\r\n<p>Mũi gi&agrave;y thiết kế với miếng da lộn bền bỉ, gi&uacute;p n&acirc;ng cao độ bền tổng thể của gi&agrave;y.</p>\r\n\r\n<p>Thiết kế &ldquo;Wide Fitting&rdquo;, c&aacute;c cầu thủ d&ugrave; ch&acirc;n b&egrave; nhiều hay trung b&igrave;nh đều c&oacute; thể đi gi&agrave;y vừa vặn, thoải m&aacute;i.</p>\r\n\r\n<p>L&oacute;t gi&agrave;y &ecirc;m &aacute;i, chống trượt hiệu quả v&agrave; c&oacute; thể th&aacute;o rời.</p>\r\n\r\n<p>D&agrave;n đinh dăm được bố tr&iacute; khoa học v&agrave; bền bỉ, b&aacute;m s&acirc;n rất tốt ngay cả khi điều kiện thời tiết kh&ocirc;ng thật sự thuận lợi.</p>\r\n\r\n<p>Với những ưu điểm nổi bật v&agrave; mức gi&aacute; hợp l&yacute;, Monarcida Neo Sala Select TF sẽ mang lại những trải nghiệm tốt, thuận lợi hơn cho c&aacute;c cầu thủ trong c&aacute;c pha xử l&yacute; b&oacute;ng. Nếu bạn đang t&igrave;m kiếm một mẫu gi&agrave;y b&oacute;ng đ&aacute; s&acirc;n cỏ nh&acirc;n tạo c&oacute; sự bền bỉ, chắc chắn v&agrave; c&oacute; mức gi&aacute; hợp l&yacute; th&igrave; Monarcida Neo Sala Select TF ch&iacute;nh l&agrave; mẫu gi&agrave;y d&agrave;nh cho bạn.</p>', NULL, NULL, 0, '2021-09-28 02:34:07', '2024-02-16 14:13:02'),
(160, 'Giày Đá Banh Adidas X Speedportal.1 TF Al Rihla World Cup', 'giay-da-banh-adidas-x-speedportal1-tf-al-rihla-world-cup', 'uploads/product/1708092674_ScreenShot Tool -20240216211034.png', 10, 420000, 399000, 1, 1, 0, 0, 54, NULL, 'CN1011', NULL, NULL, 15, 0, '<p>&nbsp;</p>\r\n\r\n<ul>\r\n	<li>Giảm gi&aacute; theo gi&aacute; trị đơn h&agrave;ng.</li>\r\n	<li>Đồng gi&aacute; Ship to&agrave;n quốc 35.000đ</li>\r\n	<li>Đổi trả trong 7 ng&agrave;y nếu sản phẩm lỗi bất k&igrave;</li>\r\n	<li>Bảo h&agrave;nh keo 6 th&aacute;ng đối với gi&agrave;y - Đường chỉ 6 th&aacute;ng đối với găng tay (Kh&ocirc;ng bảo h&agrave;nh m&uacute;t)</li>\r\n	<li>Thu&ecirc; t&ecirc;n miễn ph&iacute; với tất cả sản phẩm mua tại shop.</li>\r\n</ul>', '<h3>Gi&agrave;y Đ&aacute; Banh Adidas X Speedportal.1 TF Al Rihla World Cup</h3>', NULL, NULL, 0, '2021-09-28 02:38:19', '2024-02-16 14:11:14'),
(161, 'Giày Đá Banh Adidas Predator Edge 3 FG', 'giay-da-banh-adidas-predator-edge-3-fg', 'uploads/product/1708092575_ScreenShot Tool -20240216210848.png', 15, 400000, 389000, 1, 1, 1, 0, 54, NULL, 'CN1021', NULL, NULL, 15, 0, '<p>&nbsp;</p>\r\n\r\n<ul>\r\n	<li>Giảm gi&aacute; theo gi&aacute; trị đơn h&agrave;ng.</li>\r\n	<li>Đồng gi&aacute; Ship to&agrave;n quốc 35.000đ</li>\r\n	<li>Đổi trả trong 7 ng&agrave;y nếu sản phẩm lỗi bất k&igrave;</li>\r\n	<li>Bảo h&agrave;nh keo 6 th&aacute;ng đối với gi&agrave;y - Đường chỉ 6 th&aacute;ng đối với găng tay (Kh&ocirc;ng bảo h&agrave;nh m&uacute;t)</li>\r\n	<li>Thu&ecirc; t&ecirc;n miễn ph&iacute; với tất cả sản phẩm mua tại shop.</li>\r\n</ul>', '<h3>Gi&agrave;y Đ&aacute; Banh Adidas Predator Edge 3 FG</h3>', NULL, NULL, 0, '2021-09-28 02:43:59', '2024-02-16 14:09:35'),
(162, 'Giày Đá Banh Puma Ultra 1.4 MG', 'giay-da-banh-puma-ultra-14-mg', 'uploads/product/1708092486_ScreenShot Tool -20240216210721.png', 24, 650000, 559000, 1, 1, 1, 0, 54, NULL, 'CN1030', NULL, NULL, 18, 0, '<p>&nbsp;</p>\r\n\r\n<ul>\r\n	<li>Giảm gi&aacute; theo gi&aacute; trị đơn h&agrave;ng.</li>\r\n	<li>Đồng gi&aacute; Ship to&agrave;n quốc 35.000đ</li>\r\n	<li>Đổi trả trong 7 ng&agrave;y nếu sản phẩm lỗi bất k&igrave;</li>\r\n	<li>Bảo h&agrave;nh keo 6 th&aacute;ng đối với gi&agrave;y - Đường chỉ 6 th&aacute;ng đối với găng tay (Kh&ocirc;ng bảo h&agrave;nh m&uacute;t)</li>\r\n	<li>Thu&ecirc; t&ecirc;n miễn ph&iacute; với tất cả sản phẩm mua tại shop.</li>\r\n</ul>', '<p><strong>Puma Ultra 1.4 MG 106720-03</strong>&nbsp;l&agrave; một đ&ocirc;i gi&agrave;y b&oacute;ng đ&aacute; s&acirc;n cỏ nh&acirc;n tạo mới ra mắt của&nbsp;<strong>Puma</strong>. Đ&ocirc;i gi&agrave;y được thiết kế với trọng lượng nhẹ, linh hoạt v&agrave; cung cấp khả năng kiểm so&aacute;t b&oacute;ng vượt trội.</p>\r\n\r\n<p><strong><img src=\"https://file.hstatic.net/200000601263/file/puma_tim_07394196f7554d1490249d48b265e495_grande.jpg\" /></strong></p>\r\n\r\n<p><strong>Puma Ultra 1.4 MG 10672003</strong></p>\r\n\r\n<p>Đ&ocirc;i gi&agrave;y được l&agrave;m bằng chất liệu sợi dệt&nbsp;<strong>Primeknit</strong>&nbsp;nhẹ v&agrave; linh hoạt, gi&uacute;p bạn di chuyển dễ d&agrave;ng tr&ecirc;n s&acirc;n cỏ nh&acirc;n tạo. Lớp l&oacute;t&nbsp;<strong>OrthoLite</strong></p>', NULL, NULL, 0, '2021-09-28 02:47:07', '2024-02-16 14:08:06'),
(163, 'Giày đá banh Ultra Ultimate MG 107358-01', 'giay-da-banh-ultra-ultimate-mg-107358-01', 'uploads/product/1708092399_ScreenShot Tool -20240216210548.png', 20, 3000000, 2790000, 1, 1, 0, 0, 54, NULL, 'CN1245', NULL, NULL, 15, 0, '<ul>\r\n	<li>Giảm gi&aacute; theo gi&aacute; trị đơn h&agrave;ng.</li>\r\n	<li>Đồng gi&aacute; Ship to&agrave;n quốc 35.000đ</li>\r\n	<li>Đổi trả trong 7 ng&agrave;y nếu sản phẩm lỗi bất k&igrave;</li>\r\n	<li>Bảo h&agrave;nh keo 6 th&aacute;ng đối với gi&agrave;y - Đường chỉ 6 th&aacute;ng đối với găng tay (Kh&ocirc;ng bảo h&agrave;nh m&uacute;t)</li>\r\n	<li>Thu&ecirc; t&ecirc;n miễn ph&iacute; với tất cả sản phẩm mua tại shop.</li>\r\n</ul>', '<p>Gi&agrave;y đ&aacute; banh<strong>&nbsp;Puma Future Ultra MG 107358-01&nbsp;</strong>l&agrave; một mẫu gi&agrave;y đ&aacute; banh cao cấp được ra mắt v&agrave;o năm 2023. Gi&agrave;y được thiết kế d&agrave;nh cho c&aacute;c cầu thủ chuy&ecirc;n nghiệp v&agrave; b&aacute;n chuy&ecirc;n nghiệp, với c&aacute;c t&iacute;nh năng ưu việt về độ thoải m&aacute;i, linh hoạt v&agrave; kiểm so&aacute;t b&oacute;ng.</p>\r\n\r\n<p><img src=\"https://file.hstatic.net/200000601263/file/pu630bu39877_14_l_b7dd9ba8a1f04f34b247c30ba7b8622e_grande.jpg\" /></p>\r\n\r\n<p><strong>Ưu điểm</strong></p>\r\n\r\n<ul>\r\n	<li>Khả năng kiểm so&aacute;t b&oacute;ng: Gi&agrave;y được trang bị c&ocirc;ng nghệ&nbsp;<strong>GripControl Pro&nbsp;</strong>gi&uacute;p tăng độ b&aacute;m d&iacute;nh của bề mặt da với b&oacute;ng, gi&uacute;p cầu thủ kiểm so&aacute;t b&oacute;ng ch&iacute;nh x&aacute;c hơn.</li>\r\n	<li>Độ thoải m&aacute;i: Gi&agrave;y được thiết kế với c&ocirc;ng nghệ EvoKnit+ gi&uacute;p mang lại cảm gi&aacute;c thoải m&aacute;i tối đa cho b&agrave;n ch&acirc;n.</li>\r\n	<li>Độ linh hoạt: Gi&agrave;y được trang bị c&ocirc;ng nghệ NETFIT gi&uacute;p cầu thủ c&oacute; thể điều chỉnh độ &ocirc;m ch&acirc;n cho ph&ugrave; hợp.</li>\r\n</ul>\r\n\r\n<p><strong>Đ&aacute;nh gi&aacute; chung</strong></p>\r\n\r\n<p>Gi&agrave;y đ&aacute; banh&nbsp;<strong>Puma Future Ultra MG 107358-01</strong>&nbsp;l&agrave; một mẫu gi&agrave;y đ&aacute; banh chất lượng cao, với c&aacute;c t&iacute;nh năng ưu việt về độ thoải m&aacute;i, linh hoạt v&agrave; kiểm so&aacute;t b&oacute;ng. Gi&agrave;y ph&ugrave; hợp với c&aacute;c cầu thủ chuy&ecirc;n nghiệp v&agrave; b&aacute;n chuy&ecirc;n nghiệp, những người y&ecirc;u cầu một đ&ocirc;i gi&agrave;y mang lại cảm gi&aacute;c thoải m&aacute;i v&agrave; kiểm so&aacute;t b&oacute;ng tốt.</p>\r\n\r\n<p>&nbsp;</p>\r\n\r\n<p>Mua găng tay c&ugrave;ng với gi&agrave;y<a href=\"https://prokeepersg.com/collections/giay-da-banh-puma\">&nbsp;Links</a></p>\r\n\r\n<p><a href=\"javascript:void(0)\">Thu gọn</a></p>', NULL, NULL, 0, '2021-09-28 02:50:24', '2024-02-16 14:06:39'),
(164, 'Bộ Quần Áo Thủ Môn Bulbal Cogent Xanh Ngọc', 'bo-quan-ao-thu-mon-bulbal-cogent-xanh-ngoc', 'uploads/product/1708092295_ScreenShot Tool -20240216210344.png', 25, 410000, 329000, 1, 1, 0, 0, 52, NULL, 'HP2003', NULL, NULL, 18, 0, '<p>&nbsp;</p>\r\n\r\n<ul>\r\n	<li>Giảm gi&aacute; theo gi&aacute; trị đơn h&agrave;ng.</li>\r\n	<li>Đồng gi&aacute; Ship to&agrave;n quốc 35.000đ</li>\r\n	<li>Đổi trả trong 7 ng&agrave;y nếu sản phẩm lỗi bất k&igrave;</li>\r\n	<li>Bảo h&agrave;nh keo 6 th&aacute;ng đối với gi&agrave;y - Đường chỉ 6 th&aacute;ng đối với găng tay (Kh&ocirc;ng bảo h&agrave;nh m&uacute;t)</li>\r\n	<li>Thu&ecirc; t&ecirc;n miễn ph&iacute; với tất cả sản phẩm mua tại shop.</li>\r\n</ul>', '<h2>BỘ QUẦN &Aacute;O THỦ M&Ocirc;N BULBAL COGENT XANH NGỌC</h2>\r\n\r\n<p>Quần thủ m&ocirc;n Bulbal CoGent Xanh Ngọc l&agrave; một sản phẩm đến từ thương hiệu Bulbal, được thiết kế đặc biệt cho c&aacute;c thủ m&ocirc;n chuy&ecirc;n nghiệp. Sản phẩm n&agrave;y được lấy cảm hứng từ c&aacute;c v&acirc;n đ&aacute; nham thạch Basalt tự nhi&ecirc;n, mang đến cho người mặc sự độc đ&aacute;o v&agrave; tinh tế.</p>\r\n\r\n<p><img alt=\"BO-QUAN-AO-THU-MON-BULBAL-COGENT\" src=\"https://bulbal.vn/wp-content/uploads/2023/05/BO-QUAN-AO-THU-MON-BULBAL-COGENT-XANH-NGOC-scaled.jpg\" style=\"height:2560px; width:2560px\" /></p>\r\n\r\n<p>Đ&aacute; Basalt được c&aacute;c chuy&ecirc;n gia xếp v&agrave;o h&agrave;ng những loại đ&aacute; c&oacute; độ cứng v&agrave; độ bền thuộc h&agrave;ng cứng nhất tr&ecirc;n thế giới, với tinh thần những thủ m&ocirc;n kho&aacute;c l&ecirc;n m&igrave;nh Bulbal Cogent ch&iacute;nh l&agrave; những bức tường đ&aacute; cứng c&aacute;p bất khả x&acirc;m phạm mạnh mẽ bảo vệ khung th&agrave;nh của đội nh&agrave;.</p>\r\n\r\n<h2>PRODUCT DETAILS/ CHI TIẾT SẢN PHẨM BULBAL COGENT:</h2>\r\n\r\n<ul>\r\n	<li>Pattern/ Họa tiết: Lấy cảm hứng từ c&aacute;c v&acirc;n đ&aacute; nham thạch Basalt tự nhi&ecirc;n, mang đến cho người mặc sự độc đ&aacute;o v&agrave; tinh tế.</li>\r\n	<li>Fabric/ Chất liệu: Bul-Wave</li>\r\n	<li>Color/ M&agrave;u sắc: Xanh Ngọc</li>\r\n	<li>Absorb Tech/ C&ocirc;ng nghệ thấm h&uacute;t: BUL-DRY ti&ecirc;u chuẩn Ch&acirc;u &Acirc;u</li>\r\n	<li>Brand/ Thương hiệu: BULBAL</li>\r\n	<li>Made in/ Xuất xứ: Việt Nam</li>\r\n</ul>\r\n\r\n<p><img alt=\"BO-QUAN-AO-THU-MON-BULBAL-COGENT\" src=\"https://bulbal.vn/wp-content/uploads/2023/05/BO-QUAN-AO-THU-MON-BULBAL-COGENT-XANH-NGOC-9.jpg\" style=\"height:1240px; width:1754px\" /></p>\r\n\r\n<p>Kết hợp giữa chất liệu Bul-Wave v&agrave; họa tiết lấy cảm hứng từ c&aacute;c v&acirc;n đ&aacute; nham thạch, quần thủ m&ocirc;n Bulbal CoGent mang đến cho người mặc sự thoải m&aacute;i v&agrave; phong c&aacute;ch trong qu&aacute; tr&igrave;nh thi đấu. Sản phẩm n&agrave;y l&agrave; một lựa chọn tuyệt vời cho c&aacute;c thủ m&ocirc;n chuy&ecirc;n nghiệp v&agrave; đam m&ecirc; thể thao.</p>\r\n\r\n<p><a href=\"javascript:void(0)\">Thu gọn</a></p>', NULL, NULL, 0, '2021-09-28 02:51:56', '2024-02-16 14:04:55'),
(165, 'Bộ quần áo Thủ Môn Bulbal Viking', 'bo-quan-ao-thu-mon-bulbal-viking', 'uploads/product/1708092147_ScreenShot Tool -20240216210143.png', 24, 359000, 329000, 1, 1, 1, 0, 52, NULL, 'BR3001', NULL, NULL, 19, 0, '<ul>\r\n	<li>Giảm gi&aacute; theo gi&aacute; trị đơn h&agrave;ng.</li>\r\n	<li>Đồng gi&aacute; Ship to&agrave;n quốc 35.000đ</li>\r\n	<li>Đổi trả trong 7 ng&agrave;y nếu sản phẩm lỗi bất k&igrave;</li>\r\n	<li>Bảo h&agrave;nh keo 6 th&aacute;ng đối với gi&agrave;y - Đường chỉ 6 th&aacute;ng đối với găng tay (Kh&ocirc;ng bảo h&agrave;nh m&uacute;t)</li>\r\n	<li>Thu&ecirc; t&ecirc;n miễn ph&iacute; với tất cả sản phẩm mua tại shop.</li>\r\n</ul>', NULL, NULL, NULL, 0, '2021-09-28 03:03:12', '2024-02-16 14:02:27'),
(166, 'Bộ Thủ Môn Bulbal Garda 2 Chuối', 'bo-thu-mon-bulbal-garda-2-chuoi', 'uploads/product/1708092038_ScreenShot Tool -20240216205956.png', 21, 429000, 409000, 1, 1, 1, 0, 52, NULL, 'BR3002', NULL, NULL, 21, 0, '<ul>\r\n	<li>Giảm gi&aacute; theo gi&aacute; trị đơn h&agrave;ng.</li>\r\n	<li>Đồng gi&aacute; Ship to&agrave;n quốc 35.000đ</li>\r\n	<li>Đổi trả trong 7 ng&agrave;y nếu sản phẩm lỗi bất k&igrave;</li>\r\n	<li>Bảo h&agrave;nh keo 6 th&aacute;ng đối với gi&agrave;y - Đường chỉ 6 th&aacute;ng đối với găng tay (Kh&ocirc;ng bảo h&agrave;nh m&uacute;t)</li>\r\n	<li>Thu&ecirc; t&ecirc;n miễn ph&iacute; với tất cả sản phẩm mua tại shop.</li>\r\n</ul>', NULL, NULL, NULL, 0, '2021-09-28 03:04:49', '2024-02-16 14:00:39'),
(167, 'Bộ Quần Áo Thủ Môn Bulbal Cogent Hồng', 'bo-quan-ao-thu-mon-bulbal-cogent-hong', 'uploads/product/1708091954_ScreenShot Tool -20240216205819.png', 30, 500000, 489000, 3, 1, 1, 0, 52, NULL, 'BR3003', NULL, NULL, 18, 0, '<ul>\r\n	<li>Giảm gi&aacute; theo gi&aacute; trị đơn h&agrave;ng.</li>\r\n	<li>Đồng gi&aacute; Ship to&agrave;n quốc 35.000đ</li>\r\n	<li>Đổi trả trong 7 ng&agrave;y nếu sản phẩm lỗi bất k&igrave;</li>\r\n	<li>Bảo h&agrave;nh keo 6 th&aacute;ng đối với gi&agrave;y - Đường chỉ 6 th&aacute;ng đối với găng tay (Kh&ocirc;ng bảo h&agrave;nh m&uacute;t)</li>\r\n	<li>Thu&ecirc; t&ecirc;n miễn ph&iacute; với tất cả sản phẩm mua tại shop.</li>\r\n</ul>', '<h2>BỘ QUẦN &Aacute;O THỦ M&Ocirc;N BULBAL COGENT HỒNG</h2>\r\n\r\n<p>Quần thủ m&ocirc;n Bulbal CoGent Hồng l&agrave; một sản phẩm đến từ thương hiệu Bulbal, được thiết kế đặc biệt cho c&aacute;c thủ m&ocirc;n chuy&ecirc;n nghiệp. Sản phẩm n&agrave;y được lấy cảm hứng từ c&aacute;c v&acirc;n đ&aacute; nham thạch Basalt tự nhi&ecirc;n, mang đến cho người mặc sự độc đ&aacute;o v&agrave; tinh tế.</p>\r\n\r\n<p><img alt=\"BO-QUAN-AO-THU-MON-BULBAL-COGENT\" src=\"https://bulbal.vn/wp-content/uploads/2023/05/BO-QUAN-AO-THU-MON-BULBAL-COGENT-HONG-scaled.jpg\" style=\"height:2560px; width:2560px\" /></p>\r\n\r\n<p>Đ&aacute; Basalt được c&aacute;c chuy&ecirc;n gia xếp v&agrave;o h&agrave;ng những loại đ&aacute; c&oacute; độ cứng v&agrave; độ bền thuộc h&agrave;ng cứng nhất tr&ecirc;n thế giới, với tinh thần những thủ m&ocirc;n kho&aacute;c l&ecirc;n m&igrave;nh Bulbal Cogent ch&iacute;nh l&agrave; những bức tường đ&aacute; cứng c&aacute;p bất khả x&acirc;m phạm mạnh mẽ bảo vệ khung th&agrave;nh của đội nh&agrave;.</p>\r\n\r\n<h2>PRODUCT DETAILS/ CHI TIẾT SẢN PHẨM BULBAL COGENT:</h2>\r\n\r\n<ul>\r\n	<li>Pattern/ Họa tiết: Lấy cảm hứng từ c&aacute;c v&acirc;n đ&aacute; nham thạch Basalt tự nhi&ecirc;n, mang đến cho người mặc sự độc đ&aacute;o v&agrave; tinh tế.</li>\r\n	<li>Fabric/ Chất liệu: Bul-Wave</li>\r\n	<li>Color/ M&agrave;u sắc: Hồng&nbsp;</li>\r\n	<li>Absorb Tech/ C&ocirc;ng nghệ thấm h&uacute;t: BUL-DRY ti&ecirc;u chuẩn Ch&acirc;u &Acirc;u</li>\r\n	<li>Brand/ Thương hiệu: BULBAL</li>\r\n	<li>Made in/ Xuất xứ: Việt Nam</li>\r\n</ul>\r\n\r\n<p><img alt=\"BO-QUAN-AO-THU-MON-BULBAL-COGENT\" src=\"https://bulbal.vn/wp-content/uploads/2023/05/BO-QUAN-AO-THU-MON-BULBAL-COGENT-HONG-1.jpg\" style=\"height:1240px; width:1754px\" /></p>\r\n\r\n<p>Kết hợp giữa chất liệu Bul-Wave v&agrave; họa tiết lấy cảm hứng từ c&aacute;c v&acirc;n đ&aacute; nham thạch, quần thủ m&ocirc;n Bulbal CoGent mang đến cho người mặc sự thoải m&aacute;i v&agrave; phong c&aacute;ch trong qu&aacute; tr&igrave;nh thi đấu. Sản phẩm n&agrave;y l&agrave; một lựa chọn tuyệt vời cho c&aacute;c thủ m&ocirc;n chuy&ecirc;n nghiệp v&agrave; đam m&ecirc; thể thao.</p>\r\n\r\n<p>BULBAL &ndash; FEEL THE PASSION</p>\r\n\r\n<p><a href=\"javascript:void(0)\">Thu gọn</a></p>', NULL, NULL, 0, '2021-09-28 03:06:46', '2024-02-16 13:59:14'),
(168, 'Bộ Bóng Đá Bình Dương', 'bo-bong-da-binh-duong', 'uploads/product/1708091864_ScreenShot Tool -20240216205638.png', 30, 439000, 239000, 1, 1, 0, 0, 52, NULL, 'PA1001', NULL, NULL, 20, 0, '<ul>\r\n	<li>Giảm gi&aacute; theo gi&aacute; trị đơn h&agrave;ng.</li>\r\n	<li>Đồng gi&aacute; Ship to&agrave;n quốc 35.000đ</li>\r\n	<li>Đổi trả trong 7 ng&agrave;y nếu sản phẩm lỗi bất k&igrave;</li>\r\n	<li>Bảo h&agrave;nh keo 6 th&aacute;ng đối với gi&agrave;y - Đường chỉ 6 th&aacute;ng đối với găng tay (Kh&ocirc;ng bảo h&agrave;nh m&uacute;t)</li>\r\n	<li>Thu&ecirc; t&ecirc;n miễn ph&iacute; với tất cả sản phẩm mua tại shop.</li>\r\n</ul>', NULL, NULL, NULL, 0, '2021-09-28 03:20:45', '2024-02-16 13:57:44'),
(169, 'Bộ Quần Áo Thủ Môn Bulbal Cogent Chuối', 'bo-quan-ao-thu-mon-bulbal-cogent-chuoi', 'uploads/product/1708091756_ScreenShot Tool -20240216205436.png', 50, 500000, 439000, 1, 1, 0, 0, 52, NULL, 'PA1002', NULL, NULL, 15, 0, '<ul>\r\n	<li>Giảm gi&aacute; theo gi&aacute; trị đơn h&agrave;ng.</li>\r\n	<li>Đồng gi&aacute; Ship to&agrave;n quốc 35.000đ</li>\r\n	<li>Đổi trả trong 7 ng&agrave;y nếu sản phẩm lỗi bất k&igrave;</li>\r\n	<li>Bảo h&agrave;nh keo 6 th&aacute;ng đối với gi&agrave;y - Đường chỉ 6 th&aacute;ng đối với găng tay (Kh&ocirc;ng bảo h&agrave;nh m&uacute;t)</li>\r\n	<li>Thu&ecirc; t&ecirc;n miễn ph&iacute; với tất cả sản phẩm mua tại shop.</li>\r\n</ul>', '<h3>&nbsp;</h3>\r\n\r\n<h2>BỘ QUẦN &Aacute;O THỦ M&Ocirc;N BULBAL COGENT CHUỐI</h2>\r\n\r\n<p>Quần thủ m&ocirc;n Bulbal CoGent Chuối l&agrave; một sản phẩm đến từ thương hiệu Bulbal, được thiết kế đặc biệt cho c&aacute;c thủ m&ocirc;n chuy&ecirc;n nghiệp. Sản phẩm n&agrave;y được lấy cảm hứng từ c&aacute;c v&acirc;n đ&aacute; nham thạch Basalt tự nhi&ecirc;n, mang đến cho người mặc sự độc đ&aacute;o v&agrave; tinh tế.</p>\r\n\r\n<p><img alt=\"BO-QUAN-AO-THU-MON-BULBAL-COGENT\" src=\"https://bulbal.vn/wp-content/uploads/2023/05/BO-QUAN-AO-THU-MON-BULBAL-COGENT-CHUOI-scaled.jpg\" style=\"height:2560px; width:2560px\" /></p>\r\n\r\n<p>Đ&aacute; Basalt được c&aacute;c chuy&ecirc;n gia xếp v&agrave;o h&agrave;ng những loại đ&aacute; c&oacute; độ cứng v&agrave; độ bền thuộc h&agrave;ng cứng nhất tr&ecirc;n thế giới, với tinh thần những thủ m&ocirc;n kho&aacute;c l&ecirc;n m&igrave;nh Bulbal Cogent ch&iacute;nh l&agrave; những bức tường đ&aacute; cứng c&aacute;p bất khả x&acirc;m phạm mạnh mẽ bảo vệ khung th&agrave;nh của đội nh&agrave;.</p>\r\n\r\n<h2>PRODUCT DETAILS/ CHI TIẾT SẢN PHẨM BULBAL COGENT:</h2>\r\n\r\n<ul>\r\n	<li>Pattern/ Họa tiết: Lấy cảm hứng từ c&aacute;c v&acirc;n đ&aacute; nham thạch Basalt tự nhi&ecirc;n, mang đến cho người mặc sự độc đ&aacute;o v&agrave; tinh tế.</li>\r\n	<li>Fabric/ Chất liệu: Bul-Wave</li>\r\n	<li>Color/ M&agrave;u sắc: Chuối</li>\r\n	<li>Absorb Tech/ C&ocirc;ng nghệ thấm h&uacute;t: BUL-DRY ti&ecirc;u chuẩn Ch&acirc;u &Acirc;u</li>\r\n	<li>Brand/ Thương hiệu: BULBAL</li>\r\n	<li>Made in/ Xuất xứ: Việt Nam</li>\r\n</ul>\r\n\r\n<p><img alt=\"BO-QUAN-AO-THU-MON-BULBAL-COGENT\" src=\"https://bulbal.vn/wp-content/uploads/2023/05/BO-QUAN-AO-THU-MON-BULBAL-COGENT-CHUOI-1.jpg\" style=\"height:1240px; width:1754px\" /></p>\r\n\r\n<p>Kết hợp giữa chất liệu Bul-Wave v&agrave; họa tiết lấy cảm hứng từ c&aacute;c v&acirc;n đ&aacute; nham thạch, quần thủ m&ocirc;n Bulbal CoGent mang đến cho người mặc sự thoải m&aacute;i v&agrave; phong c&aacute;ch trong qu&aacute; tr&igrave;nh thi đấu. Sản phẩm n&agrave;y l&agrave; một lựa chọn tuyệt vời cho c&aacute;c thủ m&ocirc;n chuy&ecirc;n nghiệp v&agrave; đam m&ecirc; thể thao.</p>\r\n\r\n<p>BULBAL &ndash; FEEL THE PASSION</p>\r\n\r\n<p><a href=\"javascript:void(0)\">Thu gọn</a></p>\r\n\r\n<p>&nbsp;</p>', NULL, NULL, 0, '2021-09-28 03:22:14', '2024-02-16 13:55:56'),
(170, 'Bó Khuỷu Thủ Môn LH', 'bo-khuyu-thu-mon-lh', 'uploads/product/1708091522_ScreenShot Tool -20240216205112.png', 31, 700000, 579000, 1, 1, 0, 0, 2, NULL, 'PA1290', NULL, NULL, 18, 0, '<ul>\r\n	<li>Giảm gi&aacute; theo gi&aacute; trị đơn h&agrave;ng.</li>\r\n	<li>Đồng gi&aacute; Ship to&agrave;n quốc 35.000đ</li>\r\n	<li>Đổi trả trong 7 ng&agrave;y nếu sản phẩm lỗi bất k&igrave;</li>\r\n	<li>Bảo h&agrave;nh keo 6 th&aacute;ng đối với gi&agrave;y - Đường chỉ 6 th&aacute;ng đối với găng tay (Kh&ocirc;ng bảo h&agrave;nh m&uacute;t)</li>\r\n	<li>Thu&ecirc; t&ecirc;n miễn ph&iacute; với tất cả sản phẩm mua tại shop.</li>\r\n</ul>', NULL, NULL, NULL, 0, '2021-09-28 03:24:54', '2024-02-16 13:52:02'),
(171, 'Bó Khuỷu Tay Reusch Active Elbow Protector', 'bo-khuyu-tay-reusch-active-elbow-protector', 'uploads/product/1708091440_ScreenShot Tool -20240216204953.png', 45, 400000, 379000, 1, 1, 0, 0, 2, NULL, 'PA1310', NULL, NULL, 20, 0, '<ul>\r\n	<li>Giảm gi&aacute; theo gi&aacute; trị đơn h&agrave;ng.</li>\r\n	<li>Đồng gi&aacute; Ship to&agrave;n quốc 35.000đ</li>\r\n	<li>Đổi trả trong 7 ng&agrave;y nếu sản phẩm lỗi bất k&igrave;</li>\r\n	<li>Bảo h&agrave;nh keo 6 th&aacute;ng đối với gi&agrave;y - Đường chỉ 6 th&aacute;ng đối với găng tay (Kh&ocirc;ng bảo h&agrave;nh m&uacute;t)</li>\r\n	<li>Thu&ecirc; t&ecirc;n miễn ph&iacute; với tất cả sản phẩm mua tại shop.</li>\r\n</ul>', '<h3>_ Dụng cụ bảo vệ khuỷu tay thủ m&ocirc;n mang lại cảm gi&aacute;c vừa vặn v&agrave; thoải m&aacute;i vận động tối đa nhờ c&aacute;c miếng đệm mềm v&agrave; tiện dụng. Với đệm xốp mật độ mềm, khả năng bảo vệ thậm ch&iacute; c&ograve;n tốt hơn.</h3>\r\n\r\n<p>_ Th&agrave;nh Phần:&nbsp;62% Polyester, 27% Polyurethane, 8% Rubber, 3% Nylon</p>', NULL, NULL, 0, '2021-09-28 03:26:53', '2024-02-16 13:52:44'),
(172, 'Bảo vệ ống quyển Reusch Shinguard Attrakt Supreme Dạ', 'bao-ve-ong-quyen-reusch-shinguard-attrakt-supreme-da', 'uploads/product/1708091342_ScreenShot Tool -20240216204809.png', 20, 450000, 300000, 1, 1, 1, 0, 2, NULL, 'PA1256', NULL, NULL, 20, 0, '<ul>\r\n	<li>Giảm gi&aacute; theo gi&aacute; trị đơn h&agrave;ng.</li>\r\n	<li>Đồng gi&aacute; Ship to&agrave;n quốc 35.000đ</li>\r\n	<li>Đổi trả trong 7 ng&agrave;y nếu sản phẩm lỗi bất k&igrave;</li>\r\n	<li>Bảo h&agrave;nh keo 6 th&aacute;ng đối với gi&agrave;y - Đường chỉ 6 th&aacute;ng đối với găng tay (Kh&ocirc;ng bảo h&agrave;nh m&uacute;t)</li>\r\n	<li>Thu&ecirc; t&ecirc;n miễn ph&iacute; với tất cả sản phẩm mua tại shop.</li>\r\n</ul>', '<h3>&nbsp;</h3>\r\n\r\n<p>Bảo vệ ống quyển Reusch Shinguard Attrakt Supreme được l&agrave;m từ chất liệu polyurethane (PU) cao cấp, c&oacute; độ bền v&agrave; khả năng đ&agrave;n hồi tốt. Sản phẩm c&oacute; cấu tr&uacute;c 3 lớp:</p>\r\n\r\n<ul>\r\n	<li>Lớp ngo&agrave;i: Được l&agrave;m từ PU tổng hợp, c&oacute; khả năng chống chịu lực t&aacute;c động mạnh.</li>\r\n	<li>Lớp đệm: Được l&agrave;m từ bọt EVA, c&oacute; t&aacute;c dụng giảm chấn v&agrave; bảo vệ ống quyển khỏi c&aacute;c chấn thương.</li>\r\n	<li>Lớp l&oacute;t: Được l&agrave;m từ vải dệt kim tho&aacute;ng kh&iacute;, gi&uacute;p thấm h&uacute;t mồ h&ocirc;i v&agrave; tạo sự thoải m&aacute;i khi sử dụng.</li>\r\n</ul>\r\n\r\n<p><strong>Đặc điểm</strong></p>\r\n\r\n<p>Bảo vệ ống quyển Reusch Shinguard Attrakt Supreme c&oacute; c&aacute;c đặc điểm nổi bật sau:</p>\r\n\r\n<ul>\r\n	<li>Khả năng bảo vệ: Sản phẩm c&oacute; cấu tr&uacute;c 3 lớp chắc chắn, gi&uacute;p bảo vệ ống quyển khỏi c&aacute;c chấn thương do va chạm mạnh.</li>\r\n	<li>Sự thoải m&aacute;i: Lớp đệm EVA mềm mại gi&uacute;p giảm chấn v&agrave; tạo sự thoải m&aacute;i khi sử dụng.</li>\r\n	<li>Độ linh hoạt: Sản phẩm c&oacute; thiết kế &ocirc;m s&aacute;t ch&acirc;n, gi&uacute;p người d&ugrave;ng di chuyển linh hoạt.</li>\r\n</ul>', NULL, NULL, 0, '2021-09-28 03:33:23', '2024-02-16 13:49:02'),
(173, 'Bó Khuỷu Thủ Môn Reusch Elbow Protector Sleeve', 'bo-khuyu-thu-mon-reusch-elbow-protector-sleeve', 'uploads/product/1708091258_ScreenShot Tool -20240216204643.png', 154, 490000, 314000, 1, 1, 1, 0, 2, NULL, 'PA1240', NULL, NULL, 15, 0, '<ul>\r\n	<li>Giảm gi&aacute; theo gi&aacute; trị đơn h&agrave;ng.</li>\r\n	<li>Đồng gi&aacute; Ship to&agrave;n quốc 35.000đ</li>\r\n	<li>Đổi trả trong 7 ng&agrave;y nếu sản phẩm lỗi bất k&igrave;</li>\r\n	<li>Bảo h&agrave;nh keo 6 th&aacute;ng đối với gi&agrave;y - Đường chỉ 6 th&aacute;ng đối với găng tay (Kh&ocirc;ng bảo h&agrave;nh m&uacute;t)</li>\r\n	<li>Thu&ecirc; t&ecirc;n miễn ph&iacute; với tất cả sản phẩm mua tại shop.</li>\r\n</ul>', '<h3>&nbsp;</h3>\r\n\r\n<p><strong>B&oacute; Khuỷu Thủ M&ocirc;n Reusch Elbow Protector Sleeve</strong></p>\r\n\r\n<p>_ Dụng cụ bảo vệ khuỷu tay thủ m&ocirc;n mang lại cảm gi&aacute;c vừa vặn v&agrave; thoải m&aacute;i vận động tối đa nhờ c&aacute;c miếng đệm mềm v&agrave; tiện dụng. Với đệm xốp mật độ mềm, khả năng bảo vệ thậm ch&iacute; c&ograve;n tốt hơn.</p>\r\n\r\n<p>_Thiết kế &ocirc;m s&aacute;t đẹp mắt</p>\r\n\r\n<p>_ Th&agrave;nh Phần:&nbsp;62% Polyester, 27% Polyurethane, 8% Rubber, 3% Nylon</p>', NULL, NULL, 0, '2021-09-28 03:34:53', '2024-02-16 13:47:38'),
(174, 'Bảo vệ ống quyển Reusch Shinguard Attrakt Supreme', 'bao-ve-ong-quyen-reusch-shinguard-attrakt-supreme', 'uploads/product/1708091153_ScreenShot Tool -20240216204429.png', 42, 590000, 431000, 1, 1, 1, 0, 2, NULL, 'PA1003', NULL, NULL, 18, 0, '<ul>\r\n	<li>Giảm gi&aacute; theo gi&aacute; trị đơn h&agrave;ng.</li>\r\n	<li>Đồng gi&aacute; Ship to&agrave;n quốc 35.000đ</li>\r\n	<li>Đổi trả trong 7 ng&agrave;y nếu sản phẩm lỗi bất k&igrave;</li>\r\n	<li>Bảo h&agrave;nh keo 6 th&aacute;ng đối với gi&agrave;y - Đường chỉ 6 th&aacute;ng đối với găng tay (Kh&ocirc;ng bảo h&agrave;nh m&uacute;t)</li>\r\n	<li>Thu&ecirc; t&ecirc;n miễn ph&iacute; với tất cả sản phẩm mua tại shop.</li>\r\n</ul>', '<h3>&nbsp;</h3>\r\n\r\n<p>Bảo vệ ống quyển&nbsp;<strong>Reusch Shinguard Attrakt Supreme</strong>&nbsp;được l&agrave;m từ chất liệu polyurethane (PU) cao cấp, c&oacute; độ bền v&agrave; khả năng đ&agrave;n hồi tốt. Sản phẩm c&oacute; cấu tr&uacute;c 3 lớp:</p>\r\n\r\n<ul>\r\n	<li>Lớp ngo&agrave;i: Được l&agrave;m từ PU tổng hợp, c&oacute; khả năng chống chịu lực t&aacute;c động mạnh.</li>\r\n	<li>Lớp đệm: Được l&agrave;m từ bọt EVA, c&oacute; t&aacute;c dụng giảm chấn v&agrave; bảo vệ ống quyển khỏi c&aacute;c chấn thương.</li>\r\n	<li>Lớp l&oacute;t: Được l&agrave;m từ vải dệt kim tho&aacute;ng kh&iacute;, gi&uacute;p thấm h&uacute;t mồ h&ocirc;i v&agrave; tạo sự thoải m&aacute;i khi sử dụng.</li>\r\n</ul>\r\n\r\n<p><strong>Đặc điểm</strong></p>\r\n\r\n<p>Bảo vệ ống quyển Reusch Shinguard Attrakt Supreme c&oacute; c&aacute;c đặc điểm nổi bật sau:</p>\r\n\r\n<ul>\r\n	<li>Khả năng bảo vệ: Sản phẩm c&oacute; cấu tr&uacute;c 3 lớp chắc chắn, gi&uacute;p bảo vệ ống quyển khỏi c&aacute;c chấn thương do va chạm mạnh.</li>\r\n	<li>Sự thoải m&aacute;i: Lớp đệm EVA mềm mại gi&uacute;p giảm chấn v&agrave; tạo sự thoải m&aacute;i khi sử dụng.</li>\r\n	<li>Độ linh hoạt: Sản phẩm c&oacute; thiết kế &ocirc;m s&aacute;t ch&acirc;n, gi&uacute;p người d&ugrave;ng di chuyển linh hoạt.</li>\r\n</ul>', NULL, NULL, 0, '2021-09-28 03:36:43', '2024-02-16 13:45:53'),
(175, 'Găng Tay Thủ Môn Uhlsport Supersoft Maignan', 'gang-tay-thu-mon-uhlsport-supersoft-maignan', 'uploads/product/1708090811_ScreenShot Tool -20240216203907.png', 25, 790000, 611000, 1, 1, 1, 0, 1, NULL, 'PA1231', NULL, NULL, 18, 0, '<ul>\r\n	<li>Giảm gi&aacute; theo gi&aacute; trị đơn h&agrave;ng.</li>\r\n	<li>Đồng gi&aacute; Ship to&agrave;n quốc 35.000đ</li>\r\n	<li>Đổi trả trong 7 ng&agrave;y nếu sản phẩm lỗi bất k&igrave;</li>\r\n	<li>Bảo h&agrave;nh keo 6 th&aacute;ng đối với gi&agrave;y - Đường chỉ 6 th&aacute;ng đối với găng tay (Kh&ocirc;ng bảo h&agrave;nh m&uacute;t)</li>\r\n	<li>Thu&ecirc; t&ecirc;n miễn ph&iacute; với tất cả sản phẩm mua tại shop.</li>\r\n</ul>', '<p>Găng tay thủ m&ocirc;n&nbsp;<strong>Uhlsport Supersoft Maignan #344</strong>&nbsp;l&agrave; một găng tay cao cấp được thiết kế cho c&aacute;c thủ m&ocirc;n chuy&ecirc;n nghiệp. Găng tay được l&agrave;m bằng vật liệu chất lượng cao v&agrave; c&oacute; một số t&iacute;nh năng gi&uacute;p cải thiện hiệu suất.</p>\r\n\r\n<p><img src=\"https://file.hstatic.net/200000601263/file/26614_a48afcda6bc74de7a277ef07ce9f57a3_grande.jpg\" /></p>\r\n\r\n<p>Một số t&iacute;nh năng của Găng tay thủ m&ocirc;n Uhlsport Supersoft Maignan #344 bao gồm:</p>\r\n\r\n<ul>\r\n	<li>Mặt cắt ng&oacute;n tay phẳng gi&uacute;p cải thiện khả năng kiểm so&aacute;t b&oacute;ng v&agrave; tiếp x&uacute;c với b&oacute;ng.</li>\r\n	<li>Bọt d&iacute;nh mềm mại cung cấp độ b&aacute;m v&agrave; đệm tuyệt vời.</li>\r\n	<li>Lớp đệm ng&oacute;n tay gi&uacute;p bảo vệ khỏi va đập.</li>\r\n	<li>Cổ tay co gi&atilde;n gi&uacute;p cố định v&agrave; thoải m&aacute;i.</li>\r\n</ul>\r\n\r\n<p><strong>Găng tay thủ m&ocirc;n Uhlsport Supersoft Maignan #344</strong>&nbsp;c&oacute; nhiều k&iacute;ch cỡ v&agrave; m&agrave;u sắc kh&aacute;c nhau.</p>\r\n\r\n<p><a href=\"javascript:void(0)\">Thu gọn</a></p>', NULL, NULL, 0, '2021-09-28 03:38:53', '2024-02-16 13:40:11'),
(176, 'Găng Tay Thủ Môn Uhlsport Pro Supergrip+ HN Ltd. 75 Years', 'gang-tay-thu-mon-uhlsport-pro-supergrip-hn-ltd-75-years', 'uploads/product/1708090604_ScreenShot Tool -20240216203544.png', 26, 2490000, 1241000, 1, 1, 1, 0, 1, NULL, 'PA1241', NULL, NULL, 15, 0, '<ul>\r\n	<li>Giảm gi&aacute; theo gi&aacute; trị đơn h&agrave;ng.</li>\r\n	<li>Đồng gi&aacute; Ship to&agrave;n quốc 35.000đ</li>\r\n	<li>Đổi trả trong 7 ng&agrave;y nếu sản phẩm lỗi bất k&igrave;</li>\r\n	<li>Bảo h&agrave;nh keo 6 th&aacute;ng đối với gi&agrave;y - Đường chỉ 6 th&aacute;ng đối với găng tay (Kh&ocirc;ng bảo h&agrave;nh m&uacute;t)</li>\r\n	<li>Thu&ecirc; t&ecirc;n miễn ph&iacute; với tất cả sản phẩm mua tại shop.</li>\r\n</ul>', '<h3>&nbsp;</h3>\r\n\r\n<h2>Găng Tay Thủ M&ocirc;n Uhlsport Pro Supergrip+ HN Ltd. 75 Years - Phi&ecirc;n bản Kỷ Niệm 75 Năm</h2>\r\n\r\n<p><strong>Giới thiệu:</strong></p>\r\n\r\n<p>Găng tay thủ m&ocirc;n&nbsp;<strong>Uhlsport Pro Supergrip+ HN Ltd. 75 Years</strong>&nbsp;l&agrave; phi&ecirc;n bản đặc biệt được Uhlsport ra mắt để kỷ niệm 75 năm th&agrave;nh lập thương hiệu. Găng tay sở hữu những c&ocirc;ng nghệ ti&ecirc;n tiến nhất của Uhlsport, mang đến hiệu suất tối ưu cho c&aacute;c thủ m&ocirc;n.</p>\r\n\r\n<p><strong>Đặc điểm nổi bật:</strong></p>\r\n\r\n<ul>\r\n	<li><strong>M&uacute;t Supergrip+:</strong>&nbsp;Cung cấp độ b&aacute;m tuyệt vời trong mọi điều kiện thời tiết,&nbsp;kể cả khi trời mưa.</li>\r\n	<li><strong>Cắt HN:</strong>&nbsp;Cắt &ocirc;m s&aacute;t,&nbsp;gi&uacute;p thủ m&ocirc;n di chuyển ng&oacute;n tay linh hoạt v&agrave; kiểm so&aacute;t b&oacute;ng tốt hơn.</li>\r\n	<li><strong>Lớp đệm d&agrave;y:</strong>&nbsp;Bảo vệ b&agrave;n tay khỏi va đập v&agrave; chấn thương.</li>\r\n	<li><strong>Th&acirc;n găng bằng vải dệt:</strong>&nbsp;Tho&aacute;ng kh&iacute; v&agrave; thoải m&aacute;i khi đeo.</li>\r\n	<li><strong>Thiết kế độc đ&aacute;o:</strong>&nbsp;Logo Uhlsport 3D v&agrave; logo kỷ niệm 75 năm được in nổi bật tr&ecirc;n găng tay.</li>\r\n</ul>\r\n\r\n<p><img src=\"https://file.hstatic.net/200000601263/file/25705_18967b265f1d48879b1e019dc926e77c_grande.jpg\" /></p>\r\n\r\n<p>&nbsp;</p>\r\n\r\n<p><strong>Lợi &iacute;ch:</strong></p>\r\n\r\n<ul>\r\n	<li>Gi&uacute;p thủ m&ocirc;n bắt b&oacute;ng d&iacute;nh hơn v&agrave; an to&agrave;n hơn.</li>\r\n	<li>Tăng cường sự tự tin v&agrave; khả năng kiểm so&aacute;t b&oacute;ng trong khung th&agrave;nh.</li>\r\n	<li>Giảm thiểu nguy cơ chấn thương.</li>\r\n	<li>Mang đến phong c&aacute;ch chuy&ecirc;n nghiệp v&agrave; đẳng cấp.</li>\r\n</ul>\r\n\r\n<p><strong>Phi&ecirc;n bản giới hạn:</strong></p>\r\n\r\n<p>Găng tay Uhlsport Pro Supergrip+ HN Ltd. 75 Years được sản xuất với số lượng giới hạn, chỉ 750 đ&ocirc;i tr&ecirc;n to&agrave;n thế giới. Do đ&oacute;, đ&acirc;y l&agrave; một sản phẩm rất đặc biệt v&agrave; đ&aacute;ng sưu tầm cho c&aacute;c fan h&acirc;m mộ Uhlsport.</p>\r\n\r\n<p><strong>Gi&aacute; b&aacute;n:</strong></p>\r\n\r\n<p>Gi&aacute; b&aacute;n của găng tay Uhlsport Pro Supergrip+ HN Ltd. 75 Years dao động từ 2.500.000 đến 3.000.000 đồng, t&ugrave;y v&agrave;o nh&agrave; cung cấp.</p>\r\n\r\n<p><strong>Kết luận:</strong></p>\r\n\r\n<p>Găng tay Uhlsport Pro Supergrip+ HN Ltd. 75 Years l&agrave; một lựa chọn tuyệt vời cho c&aacute;c thủ m&ocirc;n ở mọi tr&igrave;nh độ. Với những c&ocirc;ng nghệ ti&ecirc;n tiến v&agrave; thiết kế độc đ&aacute;o, găng tay n&agrave;y sẽ gi&uacute;p bạn n&acirc;ng tầm khả năng thi đấu của m&igrave;nh.</p>\r\n\r\n<p><a href=\"javascript:void(0)\">Thu gọn</a></p>\r\n\r\n<p>&nbsp;</p>', NULL, NULL, 0, '2021-09-28 03:40:58', '2024-02-16 13:37:21'),
(177, 'Găng Tay Thủ Môn Reusch Attrakt Gold X GluePrint Night Spark', 'gang-tay-thu-mon-reusch-attrakt-gold-x-glueprint-night-spark', 'uploads/product/1708090355_ScreenShot Tool -20240216203129.png', 35, 2260000, 2061000, 1, 1, 1, 0, 1, NULL, 'PA1004', NULL, NULL, 15, 0, '<ul>\r\n	<li>Giảm gi&aacute; theo gi&aacute; trị đơn h&agrave;ng.</li>\r\n	<li>Đồng gi&aacute; Ship to&agrave;n quốc 35.000đ</li>\r\n	<li>Đổi trả trong 7 ng&agrave;y nếu sản phẩm lỗi bất k&igrave;</li>\r\n	<li>Bảo h&agrave;nh keo 6 th&aacute;ng đối với gi&agrave;y - Đường chỉ 6 th&aacute;ng đối với găng tay (Kh&ocirc;ng bảo h&agrave;nh m&uacute;t)</li>\r\n	<li>Thu&ecirc; t&ecirc;n miễn ph&iacute; với tất cả sản phẩm mua tại shop.</li>\r\n</ul>', '<p>&nbsp;</p>\r\n\r\n<p>Găng tay thủ m&ocirc;n&nbsp;<strong>Reusch Attrakt Gold X GluePrint Night Spark</strong>&nbsp;l&agrave; một trong những mẫu găng tay thủ m&ocirc;n cao cấp của thương hiệu Reusch đến từ &Yacute;. Găng tay c&oacute; thiết kế hiện đại, bắt mắt với m&agrave;u sắc nổi bật, mang đến sự tự tin v&agrave; phong c&aacute;ch cho thủ m&ocirc;n tr&ecirc;n s&acirc;n cỏ.</p>\r\n\r\n<p><img src=\"https://file.hstatic.net/200000601263/file/14_7fdb627e76764674a32bab9a23066f87_grande.jpg\" /></p>\r\n\r\n<p><strong>Ưu điểm:</strong></p>\r\n\r\n<ul>\r\n	<li>\r\n	<p>M&uacute;t b&aacute;m tốt: Găng tay sử dụng m&uacute;t Grip Gold X GluePrint được sản xuất tại Đức với độ b&aacute;m cao, gi&uacute;p thủ m&ocirc;n dễ d&agrave;ng bắt b&oacute;ng trong mọi điều kiện thời tiết.</p>\r\n	</li>\r\n	<li>\r\n	<p>Khả năng kiểm so&aacute;t b&oacute;ng tốt: M&uacute;t c&oacute; cấu tr&uacute;c với c&aacute;c m&atilde;ng dập nổi v&agrave;o &nbsp;gi&uacute;p tăng độ ma s&aacute;t, gi&uacute;p thủ m&ocirc;n kiểm so&aacute;t b&oacute;ng tốt hơn.</p>\r\n	</li>\r\n	<li>\r\n	<p>Độ &ocirc;m tay tốt: Găng tay c&oacute; cấu tr&uacute;c 3D FLEX-FIT gi&uacute;p &ocirc;m s&aacute;t b&agrave;n tay, mang lại cảm gi&aacute;c thoải m&aacute;i v&agrave; linh hoạt khi thi đấu.</p>\r\n	</li>\r\n	<li>\r\n	<p>Cổ tay linh hoạt: Cổ tay c&oacute; thiết kế linh hoạt với 2 v&ograve;ng cuốn gi&uacute;p bảo vệ cổ tay v&agrave; tăng độ thoải m&aacute;i khi chơi.</p>\r\n	</li>\r\n</ul>\r\n\r\n<p><strong>Đ&aacute;nh gi&aacute; tổng quan:</strong></p>\r\n\r\n<p>Găng tay thủ m&ocirc;n<strong>&nbsp;Reusch Attrakt Gold X GluePrint Night Spark&nbsp;</strong>l&agrave; một sản phẩm chất lượng cao, ph&ugrave; hợp với c&aacute;c thủ m&ocirc;n ở mọi cấp độ, từ nghiệp dư đến chuy&ecirc;n nghiệp. Găng tay c&oacute; độ b&aacute;m tốt, khả năng kiểm so&aacute;t b&oacute;ng tốt, độ &ocirc;m tay tốt v&agrave; cổ tay linh hoạt. Tuy nhi&ecirc;n, gi&aacute; th&agrave;nh của găng tay kh&aacute; cao.</p>', NULL, NULL, 0, '2021-09-28 03:44:17', '2024-02-16 13:32:35'),
(178, 'Găng Tay Thủ Môn Reusch Pure Contact Infinity', 'gang-tay-thu-mon-reusch-pure-contact-infinity', 'uploads/product/1708090240_ScreenShot Tool -20240216202912.png', 5, 2500000, 1490000, 1, 1, 1, 0, 1, NULL, 'JBL001', NULL, NULL, 15, 0, '<ul>\r\n	<li>Giảm gi&aacute; theo gi&aacute; trị đơn h&agrave;ng.</li>\r\n	<li>Đồng gi&aacute; Ship to&agrave;n quốc 35.000đ</li>\r\n	<li>Đổi trả trong 7 ng&agrave;y nếu sản phẩm lỗi bất k&igrave;</li>\r\n	<li>Bảo h&agrave;nh keo 6 th&aacute;ng đối với gi&agrave;y - Đường chỉ 6 th&aacute;ng đối với găng tay (Kh&ocirc;ng bảo h&agrave;nh m&uacute;t)</li>\r\n	<li>Thu&ecirc; t&ecirc;n miễn ph&iacute; với tất cả sản phẩm mua tại shop.</li>\r\n</ul>', '<h3>&nbsp;</h3>\r\n\r\n<p><strong>Găng Tay Thủ M&ocirc;n Reusch Pure Contact Infinity 2024</strong></p>\r\n\r\n<p>Găng tay thủ m&ocirc;n&nbsp;<strong>Reusch Pure Contact Infinity 2024</strong>&nbsp;l&agrave; một sản phẩm cao cấp của thương hiệu Reusch của &Yacute;. Găng tay được thiết kế với c&ocirc;ng nghệ Pure Contact Grip, mang đến cảm gi&aacute;c cầm b&oacute;ng tuyệt vời, gi&uacute;p thủ m&ocirc;n dễ d&agrave;ng kiểm so&aacute;t b&oacute;ng v&agrave; thực hiện c&aacute;c pha bắt b&oacute;ng ch&iacute;nh x&aacute;c.</p>\r\n\r\n<p><img src=\"https://file.hstatic.net/200000601263/file/54_70_700_7706_1_34044e2dcc3449d6a76b301a9ccd056c_grande.jpg\" /></p>\r\n\r\n<p><strong>Đặc điểm nổi bật</strong></p>\r\n\r\n<ul>\r\n	<li>C&ocirc;ng nghệ Pure Contact Grip: C&ocirc;ng nghệ n&agrave;y sử dụng lớp phủ cao su mềm mại, gi&uacute;p tăng độ b&aacute;m b&oacute;ng v&agrave; giảm ma s&aacute;t, mang đến cảm gi&aacute;c cầm b&oacute;ng tuyệt vời.</li>\r\n	<li>Kiểu cắt Negative: Kiểu cắt n&agrave;y gi&uacute;p tăng độ linh hoạt của ng&oacute;n tay, gi&uacute;p thủ m&ocirc;n dễ d&agrave;ng cử động v&agrave; thực hiện c&aacute;c pha bắt b&oacute;ng.</li>\r\n	<li>Khu&ocirc;n ng&oacute;n tay Natural Fit: Khu&ocirc;n ng&oacute;n tay được thiết kế &ocirc;m s&aacute;t ng&oacute;n tay, gi&uacute;p thủ m&ocirc;n c&oacute; cảm gi&aacute;c thoải m&aacute;i v&agrave; chắc chắn.</li>\r\n	<li>Lớp l&oacute;t Latex: Lớp l&oacute;t Latex gi&uacute;p tăng độ đ&agrave;n hồi v&agrave; khả năng thấm h&uacute;t mồ h&ocirc;i, mang đến sự thoải m&aacute;i cho thủ m&ocirc;n khi sử dụng.</li>\r\n	<li>Ngo&agrave;i ra m&uacute;t Infinity chuy&ecirc;n sử dụng cho cỏ nh&acirc;n tạo tr&aacute;nh m&agrave;i m&ograve;n găng v&agrave; tăng tuổi thọ cho găng.</li>\r\n</ul>\r\n\r\n<p><strong>Ưu điểm</strong></p>\r\n\r\n<ul>\r\n	<li>Cảm gi&aacute;c cầm b&oacute;ng tuyệt vời</li>\r\n	<li>Dễ d&agrave;ng kiểm so&aacute;t b&oacute;ng</li>\r\n	<li>Thực hiện c&aacute;c pha bắt b&oacute;ng ch&iacute;nh x&aacute;c</li>\r\n	<li>Kiểu cắt Negative linh hoạt</li>\r\n	<li>Khu&ocirc;n ng&oacute;n tay Natural Fit chắc chắn</li>\r\n	<li>Lớp l&oacute;t Latex thoải m&aacute;i</li>\r\n</ul>\r\n\r\n<p><strong>Kết luận</strong></p>\r\n\r\n<p>Găng tay thủ m&ocirc;n&nbsp;<strong>Reusch Pure Contact Infinity 2024</strong>&nbsp;l&agrave; một sản phẩm chất lượng cao, mang đến những trải nghiệm tuyệt vời cho thủ m&ocirc;n. Găng tay ph&ugrave; hợp với c&aacute;c thủ m&ocirc;n chuy&ecirc;n nghiệp v&agrave; b&aacute;n chuy&ecirc;n nghiệp.</p>\r\n\r\n<p><a href=\"javascript:void(0)\">Thu gọn</a></p>\r\n\r\n<p>&nbsp;</p>', NULL, NULL, 0, '2021-10-19 02:15:55', '2024-02-16 13:30:40');
INSERT INTO `products` (`id`, `name`, `slug`, `image`, `stock`, `price`, `sale`, `position`, `is_active`, `is_hot`, `views`, `category_id`, `url`, `sku`, `color`, `memory`, `brand_id`, `vendor_id`, `summary`, `description`, `meta_title`, `meta_description`, `user_id`, `created_at`, `updated_at`) VALUES
(179, 'Găng Tay Thủ Môn Uhlsport Powerline Elite Supergrip+ HN', 'gang-tay-thu-mon-uhlsport-powerline-elite-supergrip-hn', 'uploads/product/1708089989_gangtay2.png', 10, 2300000, 1859000, 3, 1, 1, 0, 1, NULL, '102016', NULL, NULL, 21, 0, '<ul>\r\n	<li>Giảm gi&aacute; theo gi&aacute; trị đơn h&agrave;ng.</li>\r\n	<li>Đồng gi&aacute; Ship to&agrave;n quốc 35.000đ</li>\r\n	<li>Đổi trả trong 7 ng&agrave;y nếu sản phẩm lỗi bất k&igrave;</li>\r\n	<li>Bảo h&agrave;nh keo 6 th&aacute;ng đối với gi&agrave;y - Đường chỉ 6 th&aacute;ng đối với găng tay (Kh&ocirc;ng bảo h&agrave;nh m&uacute;t)</li>\r\n	<li>Thu&ecirc; t&ecirc;n miễn ph&iacute; với tất cả sản phẩm mua tại shop.</li>\r\n</ul>', '<p>Găng tay thủ m&ocirc;n&nbsp;<strong>Uhlsport Elite Powerline Supergrip + HN&nbsp;</strong>l&agrave; một sản phẩm cao cấp d&agrave;nh cho c&aacute;c thủ m&ocirc;n chuy&ecirc;n nghiệp hoặc b&aacute;n chuy&ecirc;n nghiệp. Găng tay được trang bị c&ocirc;ng nghệ SUPERGRIP+ ti&ecirc;n tiến, mang lại khả năng cầm b&oacute;ng tuyệt vời trong mọi điều kiện thời tiết.</p>\r\n\r\n<p><img src=\"https://file.hstatic.net/200000601263/file/26752_e603eafa09ac40a4a5cd0aba9053d080_grande.jpg\" /></p>\r\n\r\n<p>Găng tay thủ m&ocirc;n Uhlsport&nbsp;Elite Powerline Supergrip + HN</p>\r\n\r\n<p>C&aacute;c t&iacute;nh năng nổi bật của găng tay bao gồm:</p>\r\n\r\n<ul>\r\n	<li><strong>C&ocirc;ng nghệ SUPERGRIP+:</strong>&nbsp;C&ocirc;ng nghệ n&agrave;y sử dụng latex nguy&ecirc;n chất kh&ocirc;ng c&oacute; chất tạo m&agrave;u,&nbsp;kết hợp với c&aacute;c hạt cao su &quot;High Grip&quot; để tạo ra độ b&aacute;m b&oacute;ng vượt trội.</li>\r\n	<li><strong>Lớp đệm Latex:</strong>&nbsp;Lớp đệm latex d&agrave;y dặn gi&uacute;p bảo vệ b&agrave;n tay khỏi chấn thương khi bắt b&oacute;ng.</li>\r\n	<li><strong>Cắt Negative:</strong>&nbsp;Cắt &acirc;m thanh gi&uacute;p giảm tiếng ồn khi bắt b&oacute;ng.</li>\r\n	<li><strong>D&acirc;y buộc cổ tay:</strong>&nbsp;D&acirc;y buộc cổ tay gi&uacute;p cố định găng tay chắc chắn tr&ecirc;n tay.</li>\r\n</ul>\r\n\r\n<p>Găng tay c&oacute; thiết kế hiện đại, m&agrave;u sắc bắt mắt. Găng tay c&oacute; sẵn c&aacute;c k&iacute;ch thước từ 7 đến 11.</p>\r\n\r\n<p>Về hiệu suất, găng tay&nbsp;<strong>Uhlsport Powerline&nbsp;Elite Supergrip + HN</strong>&nbsp;đ&atilde; được c&aacute;c thủ m&ocirc;n chuy&ecirc;n nghiệp đ&aacute;nh gi&aacute; rất cao. Găng tay c&oacute; khả năng cầm b&oacute;ng tuyệt vời, ngay cả trong điều kiện trời mưa hoặc trơn trượt. Lớp đệm latex d&agrave;y dặn gi&uacute;p bảo vệ b&agrave;n tay khỏi chấn thương. Cắt &acirc;m thanh cũng gi&uacute;p giảm tiếng ồn khi bắt b&oacute;ng.</p>\r\n\r\n<p>Nh&igrave;n chung, găng tay Uhlsport Powerline Supergrip + HN l&agrave; một sản phẩm chất lượng cao, ph&ugrave; hợp với c&aacute;c thủ m&ocirc;n chuy&ecirc;n nghiệp hoặc b&aacute;n chuy&ecirc;n nghiệp. Găng tay mang lại khả năng cầm b&oacute;ng tuyệt vời, bảo vệ b&agrave;n tay khỏi chấn thương v&agrave; giảm tiếng ồn khi bắt b&oacute;ng.</p>\r\n\r\n<p>Dưới đ&acirc;y l&agrave; một số ưu điểm v&agrave; nhược điểm của găng tay<strong>&nbsp;Uhlsport Powerline Supergrip + HN:</strong></p>\r\n\r\n<p><strong>Ưu điểm:</strong></p>\r\n\r\n<ul>\r\n	<li>Khả năng cầm b&oacute;ng tuyệt vời</li>\r\n	<li>Bảo vệ b&agrave;n tay khỏi chấn thương</li>\r\n	<li>Thiết kế hiện đại,&nbsp;bắt mắt</li>\r\n</ul>\r\n\r\n<p><strong>Nhược điểm:</strong></p>\r\n\r\n<ul>\r\n	<li>Gi&aacute; th&agrave;nh cao</li>\r\n	<li>C&oacute; thể hơi d&agrave;y đối với một số người d&ugrave;ng</li>\r\n</ul>', NULL, NULL, 0, '2021-10-19 02:34:54', '2024-02-16 13:42:13'),
(180, 'Găng Tay Thủ Môn Uhlsport Supergrip+ HN Maignan', 'gang-tay-thu-mon-uhlsport-supergrip-hn-maignan', 'uploads/product/1708089422_gangtay1.png', 10, 2500000, 1999000, 2, 1, 1, 0, 1, NULL, '102018', NULL, NULL, 21, 0, '<ul>\r\n	<li>Giảm gi&aacute; theo gi&aacute; trị đơn h&agrave;ng.</li>\r\n	<li>Đồng gi&aacute; Ship to&agrave;n quốc 35.000đ</li>\r\n	<li>Đổi trả trong 7 ng&agrave;y nếu sản phẩm lỗi bất k&igrave;</li>\r\n	<li>Bảo h&agrave;nh keo 6 th&aacute;ng đối với gi&agrave;y - Đường chỉ 6 th&aacute;ng đối với găng tay (Kh&ocirc;ng bảo h&agrave;nh m&uacute;t)</li>\r\n	<li>Thu&ecirc; t&ecirc;n miễn ph&iacute; với tất cả sản phẩm mua tại shop.</li>\r\n</ul>', '<h2>Găng Tay Thủ M&ocirc;n Uhlsport Supergrip+ HN Maignan Official #344</h2>\r\n\r\n<p><strong>M&ocirc; tả:</strong></p>\r\n\r\n<ul>\r\n	<li>Găng tay thủ m&ocirc;n ch&iacute;nh h&atilde;ng Uhlsport,&nbsp;được thiết kế d&agrave;nh ri&ecirc;ng cho<strong>&nbsp;Mike Maignan</strong>,&nbsp;thủ m&ocirc;n số 1 của AC Milan v&agrave; đội tuyển quốc gia Ph&aacute;p.</li>\r\n	<li>Mẫu găng tay đặc biệt với số 16 của Maignan được in tr&ecirc;n mu b&agrave;n tay v&agrave; cổ tay.</li>\r\n	<li>M&uacute;t xốp SUPERGRIP+ độc quyền của Uhlsport mang lại độ b&aacute;m tối ưu trong mọi điều kiện thời tiết.</li>\r\n	<li>mặt Cắt&nbsp;Half Negative cho cảm gi&aacute;c b&oacute;ng tốt v&agrave; sự linh hoạt cao.</li>\r\n	<li>Chất liệu AIRPRENE mới cho khả năng tho&aacute;ng kh&iacute; v&agrave; thoải m&aacute;i tối đa.</li>\r\n</ul>\r\n\r\n<p><img src=\"https://file.hstatic.net/200000601263/file/26648_cd9c8c03ae82467e80010ec6c1be4353_grande.jpg\" /></p>\r\n\r\n<p>&nbsp;</p>\r\n\r\n<p><strong>Lợi &iacute;ch:</strong></p>\r\n\r\n<ul>\r\n	<li>Cung cấp độ b&aacute;m tối ưu gi&uacute;p bạn tự tin bắt b&oacute;ng.</li>\r\n	<li>Cảm gi&aacute;c b&oacute;ng tốt gi&uacute;p bạn kiểm so&aacute;t b&oacute;ng dễ d&agrave;ng.</li>\r\n	<li>Thoải m&aacute;i khi đeo trong thời gian d&agrave;i.</li>\r\n	<li>Phong c&aacute;ch thời trang v&agrave; độc đ&aacute;o.</li>\r\n</ul>\r\n\r\n<p><strong>Đ&aacute;nh gi&aacute;:</strong></p>\r\n\r\n<p>Găng Tay Thủ M&ocirc;n&nbsp;<strong>Uhlsport Supergrip+ HN Maignan Official #344</strong>&nbsp;l&agrave; một lựa chọn tuyệt vời cho c&aacute;c thủ m&ocirc;n muốn c&oacute; một đ&ocirc;i găng tay chất lượng cao với độ b&aacute;m tối ưu, cảm gi&aacute;c b&oacute;ng tốt v&agrave; sự thoải m&aacute;i khi đeo.</p>\r\n\r\n<p><strong>Lưu &yacute;:</strong></p>\r\n\r\n<ul>\r\n	<li>N&ecirc;n chọn size găng tay ph&ugrave; hợp với tay của bạn.</li>\r\n	<li>Bảo quản găng tay nơi kh&ocirc; r&aacute;o,&nbsp;tho&aacute;ng m&aacute;t.</li>\r\n	<li>Tr&aacute;nh phơi găng tay trực tiếp dưới &aacute;nh nắng mặt trời.</li>\r\n</ul>', NULL, NULL, 0, '2021-10-19 02:37:51', '2024-02-16 13:41:47');

-- --------------------------------------------------------

--
-- Cấu trúc bảng cho bảng `product_images`
--

CREATE TABLE `product_images` (
  `id` int(11) NOT NULL,
  `product_id` int(11) NOT NULL,
  `image` varchar(255) COLLATE utf8mb4_unicode_ci NOT NULL,
  `url` varchar(255) COLLATE utf8mb4_unicode_ci DEFAULT NULL,
  `is_active` int(11) NOT NULL,
  `position` int(11) NOT NULL,
  `created_at` timestamp NULL DEFAULT NULL,
  `updated_at` timestamp NULL DEFAULT NULL
) ENGINE=InnoDB DEFAULT CHARSET=utf8mb4 COLLATE=utf8mb4_unicode_ci;

-- --------------------------------------------------------

--
-- Cấu trúc bảng cho bảng `settings`
--

CREATE TABLE `settings` (
  `id` int(11) NOT NULL,
  `company` varchar(255) COLLATE utf8mb4_unicode_ci NOT NULL,
  `address` varchar(255) COLLATE utf8mb4_unicode_ci DEFAULT NULL,
  `address2` varchar(255) COLLATE utf8mb4_unicode_ci DEFAULT NULL,
  `image` varchar(255) COLLATE utf8mb4_unicode_ci DEFAULT NULL,
  `phone` varchar(255) COLLATE utf8mb4_unicode_ci DEFAULT NULL,
  `hotline` varchar(255) COLLATE utf8mb4_unicode_ci DEFAULT NULL,
  `tax` varchar(255) COLLATE utf8mb4_unicode_ci DEFAULT NULL,
  `facebook` varchar(255) COLLATE utf8mb4_unicode_ci DEFAULT NULL,
  `email` varchar(255) COLLATE utf8mb4_unicode_ci DEFAULT NULL,
  `introduce` varchar(255) COLLATE utf8mb4_unicode_ci DEFAULT NULL,
  `created_at` timestamp NULL DEFAULT NULL,
  `updated_at` timestamp NULL DEFAULT NULL,
  `summary` text COLLATE utf8mb4_unicode_ci
) ENGINE=InnoDB DEFAULT CHARSET=utf8mb4 COLLATE=utf8mb4_unicode_ci;

--
-- Đang đổ dữ liệu cho bảng `settings`
--

INSERT INTO `settings` (`id`, `company`, `address`, `address2`, `image`, `phone`, `hotline`, `tax`, `facebook`, `email`, `introduce`, `created_at`, `updated_at`, `summary`) VALUES
(1, 'DucSport', 'Tầng 6 - Tòa nhà Viện Công Nghệ 25 Vũ Ngọc Phan - Láng Hạ - Đống Đa - Hà Nội', 'Tẩng 4 - Số 140 - Đường Cầu Diễn - Nguyên Xá - P. Minh Khai - Q. Bắc Từ Liêm - Tp. Hà Nội', 'uploads/setting/1708077280_sport.png', '0999999999', '19001856', '000010', 'https://www.facebook.com/', 'trananhduc@gmail.com', NULL, NULL, '2024-02-16 09:54:40', 'Công ty TNHH YOUSPORT. GPKD số 031743751 cấp bởi Sở kế hoạch và đầu tư TP.HCM. Địa chỉ văn phòng: 90 Huỳnh Văn Một, Phường Hiệp Tân, Quận Tân Phú, Thành phố Hồ Chí Minh.');

-- --------------------------------------------------------

--
-- Cấu trúc bảng cho bảng `users`
--

CREATE TABLE `users` (
  `id` int(10) UNSIGNED NOT NULL,
  `name` varchar(255) COLLATE utf8mb4_unicode_ci NOT NULL,
  `email` varchar(255) COLLATE utf8mb4_unicode_ci NOT NULL,
  `password` varchar(255) COLLATE utf8mb4_unicode_ci NOT NULL,
  `remember_token` varchar(100) COLLATE utf8mb4_unicode_ci DEFAULT NULL,
  `created_at` timestamp NULL DEFAULT NULL,
  `updated_at` timestamp NULL DEFAULT NULL,
  `role_id` int(11) NOT NULL,
  `avatar` varchar(255) COLLATE utf8mb4_unicode_ci DEFAULT NULL,
  `is_active` int(1) NOT NULL DEFAULT '0'
) ENGINE=InnoDB DEFAULT CHARSET=utf8mb4 COLLATE=utf8mb4_unicode_ci ROW_FORMAT=DYNAMIC;

--
-- Đang đổ dữ liệu cho bảng `users`
--

INSERT INTO `users` (`id`, `name`, `email`, `password`, `remember_token`, `created_at`, `updated_at`, `role_id`, `avatar`, `is_active`) VALUES
(4, 'admin', 'admin duc@gmail.com', '$2y$10$PJ57.XU74czLPMqPF/61sOgl0dPVgv.z8dgP0ERwc.otahfwegm1u', 'CR90CK4enFta06y2QcPhQN1NlGoBr89DoQBpKfUedieQOO9IcaB7BCIlQWl7', '2021-09-23 07:21:00', '2021-10-26 04:02:06', 1, 'uploads/user/istockphoto-1250000899-612x612.jpg', 1),
(5, 'Admin 1', 'admin@gmail.com', '$2y$10$M.zWVQRwu5HYXaSmp4oQEepvnLO2vuxn67vVd7ERVZwArUpyHnNHO', 'sqAhFoCpsxet9Ii6diW5SqnhCeXWYY1LjKP3FCjlxyQ6xORB2p6lzppZ3ITT', '2021-10-05 02:24:18', '2024-02-16 13:24:22', 1, 'uploads/user/gangtay1.png', 1),
(6, 'Admin 2', 'admin2@gmail.com', '$2y$10$PJ57.XU74czLPMqPF/61sOgl0dPVgv.z8dgP0ERwc.otahfwegm1u', NULL, '2021-10-05 02:27:37', '2021-10-05 02:27:37', 1, 'uploads/user/avatar-nam.png', 1);

-- --------------------------------------------------------

--
-- Cấu trúc bảng cho bảng `vendors`
--

CREATE TABLE `vendors` (
  `id` int(10) UNSIGNED NOT NULL,
  `name` varchar(255) CHARACTER SET utf8 COLLATE utf8_unicode_ci NOT NULL,
  `slug` varchar(255) COLLATE utf8mb4_unicode_ci NOT NULL,
  `email` varchar(255) COLLATE utf8mb4_unicode_ci DEFAULT NULL,
  `phone` varchar(255) COLLATE utf8mb4_unicode_ci DEFAULT NULL,
  `image` varchar(255) COLLATE utf8mb4_unicode_ci DEFAULT NULL,
  `website` varchar(255) COLLATE utf8mb4_unicode_ci DEFAULT NULL,
  `address` text CHARACTER SET utf8 COLLATE utf8_unicode_ci,
  `position` int(10) UNSIGNED NOT NULL DEFAULT '0',
  `is_active` int(10) UNSIGNED NOT NULL DEFAULT '1',
  `created_at` timestamp NULL DEFAULT NULL,
  `updated_at` timestamp NULL DEFAULT NULL
) ENGINE=InnoDB DEFAULT CHARSET=utf8mb4 COLLATE=utf8mb4_unicode_ci ROW_FORMAT=DYNAMIC;

--
-- Đang đổ dữ liệu cho bảng `vendors`
--

INSERT INTO `vendors` (`id`, `name`, `slug`, `email`, `phone`, `image`, `website`, `address`, `position`, `is_active`, `created_at`, `updated_at`) VALUES
(10, 'Tiki', 'tiki', 'marketing@tiki.vn', '19006035', 'uploads/vendor/1571133630-logo-tiki.png', 'https://tiki.vn/', '29/1, đường số 4, KP.3, P. Bình Khánh, Q.2, TPHCM, Việt Nam', 7, 1, '2020-03-23 00:31:28', '2021-10-05 01:20:19'),
(11, 'Khác', 'khac', NULL, NULL, NULL, NULL, NULL, 5, 1, '2020-04-11 21:53:06', '2020-04-11 21:53:06');

--
-- Chỉ mục cho các bảng đã đổ
--

--
-- Chỉ mục cho bảng `articles`
--
ALTER TABLE `articles`
  ADD PRIMARY KEY (`id`);

--
-- Chỉ mục cho bảng `banners`
--
ALTER TABLE `banners`
  ADD PRIMARY KEY (`id`) USING BTREE,
  ADD UNIQUE KEY `banners_slug_unique` (`slug`) USING BTREE;

--
-- Chỉ mục cho bảng `brands`
--
ALTER TABLE `brands`
  ADD PRIMARY KEY (`id`) USING BTREE,
  ADD UNIQUE KEY `brands_slug_unique` (`slug`) USING BTREE;

--
-- Chỉ mục cho bảng `categories`
--
ALTER TABLE `categories`
  ADD PRIMARY KEY (`id`) USING BTREE,
  ADD UNIQUE KEY `categories_slug_unique` (`slug`) USING BTREE;

--
-- Chỉ mục cho bảng `contacts`
--
ALTER TABLE `contacts`
  ADD PRIMARY KEY (`id`) USING BTREE;

--
-- Chỉ mục cho bảng `coupons`
--
ALTER TABLE `coupons`
  ADD PRIMARY KEY (`id`);

--
-- Chỉ mục cho bảng `member`
--
ALTER TABLE `member`
  ADD PRIMARY KEY (`id`);

--
-- Chỉ mục cho bảng `migrations`
--
ALTER TABLE `migrations`
  ADD PRIMARY KEY (`id`) USING BTREE;

--
-- Chỉ mục cho bảng `orders`
--
ALTER TABLE `orders`
  ADD PRIMARY KEY (`id`);

--
-- Chỉ mục cho bảng `order_products`
--
ALTER TABLE `order_products`
  ADD PRIMARY KEY (`id`);

--
-- Chỉ mục cho bảng `order_status`
--
ALTER TABLE `order_status`
  ADD PRIMARY KEY (`id`);

--
-- Chỉ mục cho bảng `password_resets`
--
ALTER TABLE `password_resets`
  ADD KEY `password_resets_email_index` (`email`) USING BTREE;

--
-- Chỉ mục cho bảng `products`
--
ALTER TABLE `products`
  ADD PRIMARY KEY (`id`) USING BTREE,
  ADD KEY `products_slug_index` (`slug`) USING BTREE,
  ADD KEY `name` (`name`),
  ADD KEY `slug` (`slug`);

--
-- Chỉ mục cho bảng `product_images`
--
ALTER TABLE `product_images`
  ADD PRIMARY KEY (`id`);

--
-- Chỉ mục cho bảng `settings`
--
ALTER TABLE `settings`
  ADD PRIMARY KEY (`id`);

--
-- Chỉ mục cho bảng `users`
--
ALTER TABLE `users`
  ADD PRIMARY KEY (`id`) USING BTREE,
  ADD UNIQUE KEY `users_email_unique` (`email`) USING BTREE;

--
-- Chỉ mục cho bảng `vendors`
--
ALTER TABLE `vendors`
  ADD PRIMARY KEY (`id`) USING BTREE,
  ADD UNIQUE KEY `vendors_slug_unique` (`slug`) USING BTREE;

--
-- AUTO_INCREMENT cho các bảng đã đổ
--

--
-- AUTO_INCREMENT cho bảng `articles`
--
ALTER TABLE `articles`
  MODIFY `id` int(11) NOT NULL AUTO_INCREMENT, AUTO_INCREMENT=26;

--
-- AUTO_INCREMENT cho bảng `banners`
--
ALTER TABLE `banners`
  MODIFY `id` int(10) UNSIGNED NOT NULL AUTO_INCREMENT, AUTO_INCREMENT=15;

--
-- AUTO_INCREMENT cho bảng `brands`
--
ALTER TABLE `brands`
  MODIFY `id` int(10) UNSIGNED NOT NULL AUTO_INCREMENT, AUTO_INCREMENT=23;

--
-- AUTO_INCREMENT cho bảng `categories`
--
ALTER TABLE `categories`
  MODIFY `id` int(10) UNSIGNED NOT NULL AUTO_INCREMENT, AUTO_INCREMENT=55;

--
-- AUTO_INCREMENT cho bảng `contacts`
--
ALTER TABLE `contacts`
  MODIFY `id` int(10) UNSIGNED NOT NULL AUTO_INCREMENT, AUTO_INCREMENT=31;

--
-- AUTO_INCREMENT cho bảng `coupons`
--
ALTER TABLE `coupons`
  MODIFY `id` int(11) NOT NULL AUTO_INCREMENT, AUTO_INCREMENT=3;

--
-- AUTO_INCREMENT cho bảng `member`
--
ALTER TABLE `member`
  MODIFY `id` bigint(20) UNSIGNED NOT NULL AUTO_INCREMENT;

--
-- AUTO_INCREMENT cho bảng `migrations`
--
ALTER TABLE `migrations`
  MODIFY `id` int(10) UNSIGNED NOT NULL AUTO_INCREMENT, AUTO_INCREMENT=21;

--
-- AUTO_INCREMENT cho bảng `orders`
--
ALTER TABLE `orders`
  MODIFY `id` int(11) NOT NULL AUTO_INCREMENT, AUTO_INCREMENT=21;

--
-- AUTO_INCREMENT cho bảng `order_products`
--
ALTER TABLE `order_products`
  MODIFY `id` int(11) NOT NULL AUTO_INCREMENT, AUTO_INCREMENT=17;

--
-- AUTO_INCREMENT cho bảng `order_status`
--
ALTER TABLE `order_status`
  MODIFY `id` int(11) NOT NULL AUTO_INCREMENT, AUTO_INCREMENT=5;

--
-- AUTO_INCREMENT cho bảng `products`
--
ALTER TABLE `products`
  MODIFY `id` int(10) UNSIGNED NOT NULL AUTO_INCREMENT, AUTO_INCREMENT=181;

--
-- AUTO_INCREMENT cho bảng `product_images`
--
ALTER TABLE `product_images`
  MODIFY `id` int(11) NOT NULL AUTO_INCREMENT;

--
-- AUTO_INCREMENT cho bảng `settings`
--
ALTER TABLE `settings`
  MODIFY `id` int(11) NOT NULL AUTO_INCREMENT, AUTO_INCREMENT=2;

--
-- AUTO_INCREMENT cho bảng `users`
--
ALTER TABLE `users`
  MODIFY `id` int(10) UNSIGNED NOT NULL AUTO_INCREMENT, AUTO_INCREMENT=7;

--
-- AUTO_INCREMENT cho bảng `vendors`
--
ALTER TABLE `vendors`
  MODIFY `id` int(10) UNSIGNED NOT NULL AUTO_INCREMENT, AUTO_INCREMENT=14;
COMMIT;

/*!40101 SET CHARACTER_SET_CLIENT=@OLD_CHARACTER_SET_CLIENT */;
/*!40101 SET CHARACTER_SET_RESULTS=@OLD_CHARACTER_SET_RESULTS */;
/*!40101 SET COLLATION_CONNECTION=@OLD_COLLATION_CONNECTION */;
